id,name,slug,sku,price,currency,on_sale,in_stock,permalink,image,categories
7991,Mbeya Broken Rice &#8211; 10kg (Tanzania),mbeya-broken-rice-10kg-tanzania,,20.89,GBP,FALSE,TRUE,https://fremu.co.uk/product/mbeya-broken-rice-10kg-tanzania/,https://fremu.co.uk/wp-content/uploads/2025/09/Mbeya-Broken-Rice-10kgs.png,Category : Rice | Wholesale
7989,Mbeya Broken Rice &#8211; 5kg (Tanzania),mbeya-broken-rice-5kg-tanzania,,13.49,GBP,FALSE,TRUE,https://fremu.co.uk/product/mbeya-broken-rice-5kg-tanzania/,https://fremu.co.uk/wp-content/uploads/2025/09/Mbeya-Rice-5kgs-scaled.png,Category : Rice | Wholesale
7987,Njahi Black Beans &#8211; 2kg (Kenya),njahi-black-beans-2kg-kenya,,10.59,GBP,FALSE,TRUE,https://fremu.co.uk/product/njahi-black-beans-2kg-kenya/,https://fremu.co.uk/wp-content/uploads/2025/09/Black-Beans-2kg-scaled.png,Category: Cupboard Food | Wholesale
8001,Dona Maize Flour- 5kg (Tanzania),dona-maize-flour-5kg-tanzania,,11.89,GBP,FALSE,TRUE,https://fremu.co.uk/product/dona-maize-flour-5kg-tanzania/,https://fremu.co.uk/wp-content/uploads/2025/09/Dona-Maize-flour-5kgs.png,Category: Flour &amp; Gari | Wholesale
7999,Maganjo &#8211; 5kg (Uganda),maganjo-5kg-uganda,,16.59,GBP,FALSE,TRUE,https://fremu.co.uk/product/maganjo-5kg-uganda/,https://fremu.co.uk/wp-content/uploads/2025/09/Maganjo-5kgs.png,Category: Flour &amp; Gari | Wholesale
7997,Maganjo &#8211; 2kg (Uganda),maganjo-2kg-uganda,,8.59,GBP,FALSE,TRUE,https://fremu.co.uk/product/maganjo-2kg-uganda/,https://fremu.co.uk/wp-content/uploads/2025/09/Maganjo-2kgs.png,Category: Flour &amp; Gari | Wholesale
7995,Dry Gnuts &#8211; 1kg (Uganda),dry-gnuts-1kg-uganda,,5.59,GBP,FALSE,TRUE,https://fremu.co.uk/product/dry-gnuts-1kg-uganda/,https://fremu.co.uk/wp-content/uploads/2025/09/Ground-Nuts-.png,Category: Cupboard Food | Wholesale
7993,Cassava Flour &#8211; 2kg (Tanzania),cassava-flour-2kg-tanzania,,8.59,GBP,FALSE,TRUE,https://fremu.co.uk/product/cassava-flour-2kg-tanzania/,https://fremu.co.uk/wp-content/uploads/2025/09/Cassava-Flour-2kg-scaled.png,Category: Flour &amp; Gari | Wholesale
8003,Dona Maize Flour &#8211; 10kg (Tanzania),dona-maize-flour-10kg-tanzania,,16.99,GBP,FALSE,TRUE,https://fremu.co.uk/product/dona-maize-flour-10kg-tanzania/,https://fremu.co.uk/wp-content/uploads/2025/09/Dona-10kgs-scaled.png,Category: Flour &amp; Gari | Wholesale
8005,Sembe Maize Flour &#8211; 5kg (Tanzania),sembe-maize-flour-5kg-tanzania,,11.89,GBP,FALSE,TRUE,https://fremu.co.uk/product/sembe-maize-flour-5kg-tanzania/,https://fremu.co.uk/wp-content/uploads/2025/09/Sembe-5kgs.png,Category: Flour &amp; Gari | Wholesale
8007,Sembe Maize Flour &#8211; 10kg (Tanzania),sembe-maize-flour-10kg-tanzania,,16.99,GBP,FALSE,TRUE,https://fremu.co.uk/product/sembe-maize-flour-10kg-tanzania/,https://fremu.co.uk/wp-content/uploads/2025/09/Sembe-10kgs-1.png,Category: Flour &amp; Gari | Wholesale
8009,Numa Bushera &#8211; 2kg (Uganda),numa-bushera-2kg-uganda,,8.59,GBP,FALSE,TRUE,https://fremu.co.uk/product/numa-bushera-2kg-uganda/,https://fremu.co.uk/wp-content/uploads/2025/09/Numa-Bushera-2kgs.png,Category: Flour &amp; Gari | Wholesale
8011,Numa Karo &#8211; 2kg (Uganda),numa-karo-2kg-uganda,,8.59,GBP,FALSE,TRUE,https://fremu.co.uk/product/numa-karo-2kg-uganda/,https://fremu.co.uk/wp-content/uploads/2025/09/Numa-Karo-2kgs.png,Category: Flour &amp; Gari | Wholesale
8013,Mbeya Rice &#8211; 5kg (Tanzania),mbeya-rice-5kg-tanzania,,15.79,GBP,FALSE,TRUE,https://fremu.co.uk/product/mbeya-rice-5kg-tanzania/,https://fremu.co.uk/wp-content/uploads/2025/09/Mbeya-Rice-5kgs-1.png,Category : Rice | Wholesale
8015,Mbeya Rice &#8211; 10kg (Tanzania),mbeya-rice-10kg-tanzania,,21.59,GBP,FALSE,TRUE,https://fremu.co.uk/product/mbeya-rice-10kg-tanzania/,https://fremu.co.uk/wp-content/uploads/2025/09/Mbeya-Rice-10kgs-scaled.png,Category : Rice | Wholesale
8019,Swahili Honey &#8211; 1kg (Tanzania),swahili-honey-1kg-tanzania,,21.59,GBP,FALSE,TRUE,https://fremu.co.uk/product/swahili-honey-1kg-tanzania/,https://fremu.co.uk/wp-content/uploads/2025/09/Honey-1Kg-scaled.png,Category: Cupboard Food | Wholesale
8021,Swahili Honey &#8211; 300g (Tanzania),swahili-honey-300g-tanzania,,9.99,GBP,FALSE,TRUE,https://fremu.co.uk/product/swahili-honey-300g-tanzania/,https://fremu.co.uk/wp-content/uploads/2025/09/Honey-300g.png,Category: Cupboard Food | Wholesale
8023,Swahili Honey &#8211; 400g (Tanzania),swahili-honey-400g-tanzania,,12.89,GBP,FALSE,TRUE,https://fremu.co.uk/product/swahili-honey-400g-tanzania/,https://fremu.co.uk/wp-content/uploads/2025/09/Honey-400g-scaled.png,Category: Cupboard Food | Wholesale
3839,Tasty foods &#8211; Waterleaf &#8211; 500g,tasty-foods-waterleaf-500g,SVA-1685729066223,2.89,GBP,FALSE,TRUE,https://fremu.co.uk/product/tasty-foods-waterleaf-500g/,https://fremu.co.uk/wp-content/uploads/2023/10/waterleaf.png,Category : Frozen Foods
3940,Turkey Gizzard &#8211; 500g,turkey-gizzard,SVA-1686669423735,4.29,GBP,FALSE,FALSE,https://fremu.co.uk/product/turkey-gizzard/,https://fremu.co.uk/wp-content/uploads/2023/10/istockphoto-1280509546-612x612-1.png,Category : Frozen Foods
3842,Pack of Tilapia &#8211; 2kg,tilapia-2kg,SVA-1685729461249,10.29,GBP,FALSE,TRUE,https://fremu.co.uk/product/tilapia-2kg/,https://fremu.co.uk/wp-content/uploads/2023/10/tilapia-whole-fish-frozen-2.png,Category : Frozen Foods
3840,Tasty foods &#8211; Frozen Ugu &#8211; 500g,tasty-foods-ugu-500g,SVA-1685729109188,2.89,GBP,FALSE,TRUE,https://fremu.co.uk/product/tasty-foods-ugu-500g/,https://fremu.co.uk/wp-content/uploads/2023/10/040151_2_2.png,Category : Frozen Foods
3947,Soft chicken -1 kg,soft-chicken-1-kg,SVA-1687261321884,3.99,GBP,FALSE,TRUE,https://fremu.co.uk/product/soft-chicken-1-kg/,https://fremu.co.uk/wp-content/uploads/2023/10/chicken-thigh_-9789908-1.png,Category : Frozen Foods
3841,Tasty foods &#8211; Bobolo &#8211; 1kg,tasty-foods-bobolo-1kg,SVA-1685729225272,3.99,GBP,FALSE,FALSE,https://fremu.co.uk/product/tasty-foods-bobolo-1kg/,https://fremu.co.uk/wp-content/uploads/2023/10/img_0915.png,Category : Frozen Foods
3948,Fresh Frozen Soft chicken 5kgs,soft-chicken-5kgs,SVA-1687261488815,13.99,GBP,FALSE,FALSE,https://fremu.co.uk/product/soft-chicken-5kgs/,https://fremu.co.uk/wp-content/uploads/2023/10/chicken-thigh_-9789908.png,Category : Frozen Foods
3838,Tasty food &#8211; Cut bitter leaf &#8211; 500g,tasty-food-cut-bitter-leaf-500g,SVA-1685728963724,2.89,GBP,FALSE,TRUE,https://fremu.co.uk/product/tasty-food-cut-bitter-leaf-500g/,https://fremu.co.uk/wp-content/uploads/2023/10/Chopped-Frozen-Bitter-Leaves-Ndole-500g-300x300-1.png,Category : Frozen Foods
3984,Smoked hen &#8211; poule fumee,smoked-hen-poule-fumee,SVA-1689780516846,6.59,GBP,FALSE,TRUE,https://fremu.co.uk/product/smoked-hen-poule-fumee/,https://fremu.co.uk/wp-content/uploads/2023/10/img_9520.png,Category : Frozen Foods
3641,Smoked Turkey Wings-1Kg,smoked-turkey,SVA-1686570141998,6.99,GBP,FALSE,TRUE,https://fremu.co.uk/product/smoked-turkey/,https://fremu.co.uk/wp-content/uploads/2023/10/Screenshot-2023-10-08-004238-1.png,Category : Frozen Foods
3937,PepperSoup Mix meat,peppersoup-mix-meat,SVA-1686664541753,6.59,GBP,FALSE,TRUE,https://fremu.co.uk/product/peppersoup-mix-meat/,https://fremu.co.uk/wp-content/uploads/2023/10/samis400.png,Category : Frozen Foods
3985,Pondu-Cassava leaves -500g,pondu-cassava-leaves-500g,SVA-1689784456830,2.89,GBP,FALSE,FALSE,https://fremu.co.uk/product/pondu-cassava-leaves-500g/,https://fremu.co.uk/wp-content/uploads/2023/10/12158_1.png,Category : Frozen Foods
3843,Pluvera &#8211; 1300g,pluvera-1300g,SVA-1685729551067,5.99,GBP,FALSE,TRUE,https://fremu.co.uk/product/pluvera-1300g/,https://fremu.co.uk/wp-content/uploads/2023/10/f58877_42a2ad94ec4a41b68c6765921c4779c0mv2.webp,Category : Frozen Foods
3640,Mackerel fish,mackerel-fish,SVA-1686570069113,3.49,GBP,FALSE,TRUE,https://fremu.co.uk/product/mackerel-fish/,https://fremu.co.uk/wp-content/uploads/2023/10/mackerel-fish-fresh-frozen-blue-mackerel-on-a-transparent-isolated-background-png.png,Category : Frozen Foods
3949,Oxtail-1Kg,oxtail,SVA-1687261891306,10.89,GBP,FALSE,TRUE,https://fremu.co.uk/product/oxtail/,https://fremu.co.uk/wp-content/uploads/2023/10/istockphoto-509826707-612x612-1.png,Category : Frozen Foods
3942,Hard Chicken -1.5KG,hard-chicken-1-5kg,SVA-1686851784778,4.99,GBP,FALSE,FALSE,https://fremu.co.uk/product/hard-chicken-1-5kg/,https://fremu.co.uk/wp-content/uploads/2023/10/Hardchicken_ce80cfd6-e208-4e86-80c5-30d651d30ab4.webp,Category : Frozen Foods
3987,HoneyComb,honeycomb,SVA-1690464542506,5.89,GBP,FALSE,FALSE,https://fremu.co.uk/product/honeycomb/,https://fremu.co.uk/wp-content/uploads/2023/10/shaki-1.png,Category : Frozen Foods
3968,Hard Chicken-5Kg,hard-chicken-5kg,SVA-1688491790030,13.39,GBP,FALSE,FALSE,https://fremu.co.uk/product/hard-chicken-5kg/,https://fremu.co.uk/wp-content/uploads/2023/10/Hardchicken_ce80cfd6-e208-4e86-80c5-30d651d30ab4.webp,Category : Frozen Foods
3935,Frozen Beef-1KG,frozen-beef,SVA-1686664369311,7.99,GBP,FALSE,TRUE,https://fremu.co.uk/product/frozen-beef/,https://fremu.co.uk/wp-content/uploads/2023/10/images-2.png,Category : Frozen Foods
3934,Goat meat &#8211; 1KG,goat-meat,SVA-1686664172631,9.59,GBP,FALSE,TRUE,https://fremu.co.uk/product/goat-meat/,https://fremu.co.uk/wp-content/uploads/2023/10/admin-ajax-3-1-1.png,Category : Frozen Foods
3837,Ewedu-Givrex &#8211; 400g,ewedu-givrex-400g,SVA-1685728905473,2.89,GBP,FALSE,FALSE,https://fremu.co.uk/product/ewedu-givrex-400g/,https://fremu.co.uk/wp-content/uploads/2023/10/cairo-egypt-july-9-2023-givrex-frozen-mulukhiyah-molokhia-molohiya-or-ewedu-a-dish-made-from-the-leaves-of-corchorus-olitorius-commonly-known-i-2RDD48E.png,Category : Frozen Foods
3989,Fresh Turkey wings,fresh-turkey-wings,SVA-1690465277813,5.29,GBP,FALSE,TRUE,https://fremu.co.uk/product/fresh-turkey-wings/,https://fremu.co.uk/wp-content/uploads/2023/10/PM00010-500x500-1.png,Category : Frozen Foods
3988,Fresh turkey drumsticks,fresh-turkey-drumsticks,SVA-1690465136982,5.39,GBP,FALSE,TRUE,https://fremu.co.uk/product/fresh-turkey-drumsticks/,https://fremu.co.uk/wp-content/uploads/2023/10/pngtree-raw-turkey-drumsticks-full-length-food-uncooked-photo-image_22141298.png,Category : Frozen Foods
3939,Cowfoot on bone,cowfoot-on-bone,SVA-1686667055517,4.2,GBP,FALSE,FALSE,https://fremu.co.uk/product/cowfoot-on-bone/,https://fremu.co.uk/wp-content/uploads/2023/10/2438731_1000x0.png,Category : Frozen Foods
3938,Bonesless cowfoot,bonesless-cowfoot,SVA-1686666936299,5.99,GBP,FALSE,TRUE,https://fremu.co.uk/product/bonesless-cowfoot/,https://fremu.co.uk/wp-content/uploads/2023/10/Boneless-Cow-foot-1-1.png,Category : Frozen Foods
3945,Cow skin,cow-skin,SVA-1686915111529,4.79,GBP,FALSE,TRUE,https://fremu.co.uk/product/cow-skin/,https://fremu.co.uk/wp-content/uploads/2023/10/cow-skin-kpomo-1kg-1-600x740-1.png,Category : Frozen Foods
3944,Cow Nose-snort,cow-nose-snort,SVA-1686910913890,4.39,GBP,FALSE,TRUE,https://fremu.co.uk/product/cow-nose-snort/,https://fremu.co.uk/wp-content/uploads/2023/10/samis430-600x600-1.png,Category : Frozen Foods
3950,Chicken Wings,chicken-wings,SVA-1687262042862,4.89,GBP,FALSE,FALSE,https://fremu.co.uk/product/chicken-wings/,https://fremu.co.uk/wp-content/uploads/2023/10/download-2.png,Category : Frozen Foods
3946,Abodi,abodi,SVA-1686915221297,4.99,GBP,FALSE,TRUE,https://fremu.co.uk/product/abodi/,https://fremu.co.uk/wp-content/uploads/2023/10/8326I_12.png,Category : Frozen Foods
3943,Chicken Gizzard,chicken-gizzard,SVA-1686910847772,4.2,GBP,FALSE,TRUE,https://fremu.co.uk/product/chicken-gizzard/,https://fremu.co.uk/wp-content/uploads/2023/10/istockphoto-1153117467-612x612-1.png,Category : Frozen Foods
3936,Beef Shaki,beef-shaki,SVA-1686664457761,4.2,GBP,FALSE,TRUE,https://fremu.co.uk/product/beef-shaki/,https://fremu.co.uk/wp-content/uploads/2023/10/Beef-Tripe-1.png,Category : Frozen Foods
5020,Indomie &#8211; instant noodles &#8211; Onion Chicken flavour &#8211; 70g,indomie-instant-noodles-onion-chicken-flavour-70g,,0.4,GBP,FALSE,TRUE,https://fremu.co.uk/product/indomie-instant-noodles-onion-chicken-flavour-70g/,https://fremu.co.uk/wp-content/uploads/2023/10/indomie-onion-nigerian.png,Category: Cupboard Food
5021,Indomie &#8211; instant noodles &#8211; chicken flavour &#8211; 70g,indomie-instant-noodles-chicken-flavour-70g,,0.4,GBP,FALSE,TRUE,https://fremu.co.uk/product/indomie-instant-noodles-chicken-flavour-70g/,https://fremu.co.uk/wp-content/uploads/2023/10/81X2k6HACgL.png,Category: Cupboard Food
3867,Africa&#8217;s finest coconut chin chin &#8211; 250g,africas-finest-coconut-chin-chin-250g,SVA-1686071541656,1.99,GBP,FALSE,TRUE,https://fremu.co.uk/product/africas-finest-coconut-chin-chin-250g/,https://fremu.co.uk/wp-content/uploads/2023/10/Image-22_900x-removebg-preview.webp,Snacks &amp; Breads
3779,Indomie &#8211; Instant noodles &#8211; Onion chicken &#8211; 40pack box,indomie-instant-noodles-onion-chicken-40pack-box-70g,SVA-1685720618305,10.99,GBP,FALSE,TRUE,https://fremu.co.uk/product/indomie-instant-noodles-onion-chicken-40pack-box-70g/,https://fremu.co.uk/wp-content/uploads/2023/10/s-l1200.webp,Category: Cupboard Food
3709,Africa Finest Coconut Chin Chin &#8211; 500g,africa-finest-coconut-chin-chin-500g,SVA-1685558086075,3.99,GBP,FALSE,FALSE,https://fremu.co.uk/product/africa-finest-coconut-chin-chin-500g/,https://fremu.co.uk/wp-content/uploads/2023/10/Afric_s_Finest_Coconut_Chin_Chin_250g-removebg-preview.webp,Snacks &amp; Breads
3780,Indomie &#8211; instant noodles &#8211; chicken flavour &#8211; 40 pack box,indomie-instant-noodles-chicken-flavor-40-pack-box-70g,SVA-1685720707049,9.89,GBP,FALSE,TRUE,https://fremu.co.uk/product/indomie-instant-noodles-chicken-flavor-40-pack-box-70g/,https://fremu.co.uk/wp-content/uploads/2023/10/indomie-chicken-noodle-box-40-x70g-25-dv-p.png,Category: Cupboard Food
3703,Haffinique Peanut -510g,haffinique-peanut-510g,SVA-1685557268899,4.99,GBP,FALSE,TRUE,https://fremu.co.uk/product/haffinique-peanut-510g/,https://fremu.co.uk/wp-content/uploads/2023/10/pea.png,Snacks &amp; Breads
3828,Gourmet &#8211; plantain chips &#8211; chilli yellow &#8211; 60g,gourmet-plantain-chips-chilli-yellow-60g,SVA-1685727878480,0.8,GBP,FALSE,TRUE,https://fremu.co.uk/product/gourmet-plantain-chips-chilli-yellow-60g/,https://fremu.co.uk/wp-content/uploads/2023/10/olu-olu-chilli_800x.webp,Snacks &amp; Breads
3705,Haffinique Peanut-350g,haffinique-peanut-350g,SVA-1685557462880,2.99,GBP,FALSE,TRUE,https://fremu.co.uk/product/haffinique-peanut-350g/,https://fremu.co.uk/wp-content/uploads/2023/10/pea.png,Snacks &amp; Breads
3964,Exotic Crisps -75g,exotic-crisps-75g,SVA-1688144507919,0.9,GBP,FALSE,TRUE,https://fremu.co.uk/product/exotic-crisps-75g/,https://fremu.co.uk/wp-content/uploads/2023/10/yy-1.png,Snacks &amp; Breads
3792,Fremu &#8211; Rose Coco beans &#8211; red white &#8211; 900g,fremu-rose-coco-beans-red-white-1kg,SVA-1685721676893,5.59,GBP,FALSE,TRUE,https://fremu.co.uk/product/fremu-rose-coco-beans-red-white-1kg/,https://fremu.co.uk/wp-content/uploads/2023/10/rose-coco-beans-1.png,Category: Cupboard Food
3791,Fremu &#8211; Rose coco beans &#8211; 900g,fremu-rose-coco-beans-80g,SVA-1685721605305,5.59,GBP,FALSE,TRUE,https://fremu.co.uk/product/fremu-rose-coco-beans-80g/,https://fremu.co.uk/wp-content/uploads/2023/10/rose-coco-1.png,Category: Cupboard Food
4013,Tropical sun-Golden Sella,tropical-sun-golden-sella,SVA-1691000468609,36.89,GBP,FALSE,TRUE,https://fremu.co.uk/product/tropical-sun-golden-sella/,https://fremu.co.uk/wp-content/uploads/2023/10/Tropical_Sun_Golden_Sella_Rice_5kg_6a5c5b62-fb95-4125-825a-7d9e3e27fb0c_1200x1200__27383.jpg,Category : Rice
3795,Dry Corn &#8211; 1kg,dry-corn-1kg,SVA-1685722200122,5.99,GBP,FALSE,FALSE,https://fremu.co.uk/product/dry-corn-1kg/,https://fremu.co.uk/wp-content/uploads/2021/05/Dry-Maize.png,Category: Cupboard Food
3882,Ground Ogbono-70g,ades-ground-ogbono-70g,SVA-1686154631823,1.99,GBP,FALSE,TRUE,https://fremu.co.uk/product/ades-ground-ogbono-70g/,https://fremu.co.uk/wp-content/uploads/2023/10/Ades-Ground-Ogbono-70g-1.png,Category: Cupboard Food
3869,Tropical sun &#8211; Golden sella pure basmati rice &#8211; 5kg,tropical-sun-golden-sella-pure-basmati-rice-5kg,SVA-1686071778660,10.99,GBP,FALSE,TRUE,https://fremu.co.uk/product/tropical-sun-golden-sella-pure-basmati-rice-5kg/,https://fremu.co.uk/wp-content/uploads/2023/10/Tropical_Sun_Golden_Sella_Rice_5kg_6a5c5b62-fb95-4125-825a-7d9e3e27fb0c_1200x1200__27383.jpg,Category : Rice
3883,Ades Ofor Seeds &#8211; 50g,ades-ofor-seeds-50g,SVA-1686154847146,1.99,GBP,FALSE,FALSE,https://fremu.co.uk/product/ades-ofor-seeds-50g/,https://fremu.co.uk/wp-content/uploads/2023/10/Ades-Ofor-50g-1.png,Category: Cupboard Food
3812,Tolly Boy &#8211; easy cook Long grain rice &#8211; 10kg,tolly-boy-easy-cook-long-grain-rice,SVA-1685723589571,16.29,GBP,FALSE,TRUE,https://fremu.co.uk/product/tolly-boy-easy-cook-long-grain-rice/,https://fremu.co.uk/wp-content/uploads/2023/10/tolly-boy-easy-cook-long-grain-10kg.png,Category : Rice
3899,Tolly boy &#8211; long grain rice &#8211; 20kg,tolly-boy-long-grain-rice-20kg,SVA-1686322893564,29.99,GBP,FALSE,TRUE,https://fremu.co.uk/product/tolly-boy-long-grain-rice-20kg/,https://fremu.co.uk/wp-content/uploads/2023/10/TOLLY-BOY-EASY-COOK-Y-20K.jpg,Category : Rice
3865,Tilda Grand basmati-10kg,tilda-grand-basmati-10kg,SVA-1686070780358,20.29,GBP,FALSE,FALSE,https://fremu.co.uk/product/tilda-grand-basmati-10kg/,https://fremu.co.uk/wp-content/uploads/2023/10/grand_extra_long_basmati_sella_rice_grande.webp,Category : Rice
4028,Tilda-10kg,tilda-10kg,SVA-1691060053874,21.89,GBP,FALSE,TRUE,https://fremu.co.uk/product/tilda-10kg/,https://fremu.co.uk/wp-content/uploads/2023/10/Tilda_Basmati_Rice_10Kg-1000x1000-1.jpg,Category : Rice
3873,Tilda grand &#8211; extra long sella basmati rice &#8211; 20kg,tilda-grand-extra-long-sella-basmati-rice-20kg,SVA-1686072490337,33.29,GBP,FALSE,FALSE,https://fremu.co.uk/product/tilda-grand-extra-long-sella-basmati-rice-20kg/,https://fremu.co.uk/wp-content/uploads/2023/10/Tilda-Grand-Extra-Long-Basmati-Rice-20kg.webp,Category : Rice
3986,Africa&#8217;s finest pure palm oil &#8211; 2L,africas-finest-pure-palm-oil-2l,SVA-1689879063794,7.99,GBP,FALSE,FALSE,https://fremu.co.uk/product/africas-finest-pure-palm-oil-2l/,https://fremu.co.uk/wp-content/uploads/2023/10/Africas-Finest-Palm-Oil-2-Litre-1.png,Category: Cupboard Food
3868,Tilda &#8211; grand extra long sella basmati rice &#8211; 5kg,tilda-grand-extra-long-sella-basmati-rice-5kg,SVA-1686071640925,13.29,GBP,FALSE,TRUE,https://fremu.co.uk/product/tilda-grand-extra-long-sella-basmati-rice-5kg/,https://fremu.co.uk/wp-content/uploads/2023/10/Tilda-Grand-Extra-Long-Golden-Basmati-Rice-5kg-Rice_52fc8ba3-c95b-4a94-a088-4a7174e5e894.jpg,Category : Rice
3866,Tilda Golden Sella basmati-10kg,tilda-golden-sella-basmati-10kg,SVA-1686070887023,19.99,GBP,FALSE,FALSE,https://fremu.co.uk/product/tilda-golden-sella-basmati-10kg/,https://fremu.co.uk/wp-content/uploads/2023/10/Tilda-Golden-Sella-Basmati-Rice-10kg.jpg,Category : Rice
3788,Black eye beans &#8211; 2kg,black-eye-beans-2kg,SVA-1685721239380,5.59,GBP,FALSE,TRUE,https://fremu.co.uk/product/black-eye-beans-2kg/,https://fremu.co.uk/wp-content/uploads/2023/10/Black-Eyed-Beans-1.png,Category: Cupboard Food
4017,Surya super-20kg,surya-super-20kg,SVA-1691001529831,35.59,GBP,FALSE,TRUE,https://fremu.co.uk/product/surya-super-20kg/,https://fremu.co.uk/wp-content/uploads/2023/10/51RST76kLoS.jpg,Category : Rice
3787,Black eye beans &#8211; 5kg,black-eye-beans-5kg,SVA-1685721198206,10.99,GBP,FALSE,TRUE,https://fremu.co.uk/product/black-eye-beans-5kg/,https://fremu.co.uk/wp-content/uploads/2023/10/Black-Eyed-Beans-1.png,Category: Cupboard Food
4015,Surya Rice -5kg,surya-rice-5kg,SVA-1691000978270,11.99,GBP,FALSE,TRUE,https://fremu.co.uk/product/surya-rice-5kg/,https://fremu.co.uk/wp-content/uploads/2023/10/surya_1121_5kg.jpg,Category : Rice
4016,Surya rice -10kg,surya-rice-10kg,SVA-1691001306815,19.99,GBP,FALSE,TRUE,https://fremu.co.uk/product/surya-rice-10kg/,https://fremu.co.uk/wp-content/uploads/2023/10/IX2A3270.jpg,Category : Rice
3660,Blue Bay Hausa Koko-500g,blue-ray-hausa-koko-500g,SVA-1685545310138,4.89,GBP,FALSE,FALSE,https://fremu.co.uk/product/blue-ray-hausa-koko-500g/,https://fremu.co.uk/wp-content/uploads/2023/10/Blue-bay-Hausa-Koko-500g-1.png,Category: Cupboard Food
4001,Setara Brown whole grain basmati rice &#8211; 5kg,setara-brown-whole-grain-basmati-rice-5kg,SVA-1690836505315,12.99,GBP,FALSE,FALSE,https://fremu.co.uk/product/setara-brown-whole-grain-basmati-rice-5kg/,https://fremu.co.uk/wp-content/uploads/2023/10/img_0665.jpg,Category : Rice
3898,Setara &#8211; golden basmati sella rice  &#8211; 10kg,setara-golden-basmati-sella-rice-10kg,SVA-1686322218318,22.89,GBP,FALSE,TRUE,https://fremu.co.uk/product/setara-golden-basmati-sella-rice-10kg/,https://fremu.co.uk/wp-content/uploads/2023/10/goldenrice.webp,Category : Rice
3962,Peacock Easy cook Long grain rice &#8211; 5kg,peacock-easy-cook-long-grain-rice-5kg,SVA-1688142391642,9.99,GBP,FALSE,TRUE,https://fremu.co.uk/product/peacock-easy-cook-long-grain-rice-5kg/,https://fremu.co.uk/wp-content/uploads/2023/10/64887992287262.webp,Category : Rice
3961,Peacock Easy cook long grain rice &#8211; 10kg,peacock-easy-cook-long-grain-rice-10kg,SVA-1688142172573,15.99,GBP,FALSE,TRUE,https://fremu.co.uk/product/peacock-easy-cook-long-grain-rice-10kg/,https://fremu.co.uk/wp-content/uploads/2023/10/13468.jpeg,Category : Rice
3997,Peacock &#8211; Extralong basmati rice &#8211; 10kg,peacock-extralong-basmati-rice-10kg,SVA-1690831456618,19.99,GBP,FALSE,FALSE,https://fremu.co.uk/product/peacock-extralong-basmati-rice-10kg/,https://fremu.co.uk/wp-content/uploads/2023/10/FL-204_grande.webp,Category : Rice
3819,Mughlai &#8211; pure 1121 basmati rice &#8211; 5kg,mughlai-pure-1121-basmati-rice-4kg,SVA-1685724493804,9.99,GBP,FALSE,FALSE,https://fremu.co.uk/product/mughlai-pure-1121-basmati-rice-4kg/,https://fremu.co.uk/wp-content/uploads/2023/10/12717-1.jpeg,Category : Rice
3811,Numa &#8211; Milled super rice &#8211; 5kg,numa-milled-super-rice-5kg,SVA-1685723505073,12.89,GBP,FALSE,FALSE,https://fremu.co.uk/product/numa-milled-super-rice-5kg/,https://fremu.co.uk/wp-content/uploads/2023/10/numa-rice.webp,Category : Rice
3999,Mughlai Pure 1121 basmati rice &#8211; extra long &#8211; 4kg,mughlai-pure-1121-basmati-rice-creamy-sella-extra-long-4kg,SVA-1690836124628,9.99,GBP,FALSE,FALSE,https://fremu.co.uk/product/mughlai-pure-1121-basmati-rice-creamy-sella-extra-long-4kg/,https://fremu.co.uk/wp-content/uploads/2023/10/61o68FSvdPS._AC_UF10001000_QL80_.jpg,Category : Rice
3893,Lion head Extra Long Golden Sella Rice- 10KG,lion-head-extra-long-golden-sella-rice-10kg,SVA-1686316941690,19.99,GBP,FALSE,TRUE,https://fremu.co.uk/product/lion-head-extra-long-golden-sella-rice-10kg/,https://fremu.co.uk/wp-content/uploads/2023/10/lion-head-golden-sella-basmati-rice-10kg.jpg,Category : Rice
3797,Dry yellow beans &#8211; 900g,dry-yello-beans-1kg,SVA-1685722310919,5.59,GBP,FALSE,TRUE,https://fremu.co.uk/product/dry-yello-beans-1kg/,https://fremu.co.uk/wp-content/uploads/2023/10/Dry-Yellow-Beans-1kg-1.png,Category: Cupboard Food
3685,Geisha Mackerel in tomato sauce (green) 425g,geisha-mackerel-in-tomato-sauce-green-425g,SVA-1685549423484,2.99,GBP,FALSE,TRUE,https://fremu.co.uk/product/geisha-mackerel-in-tomato-sauce-green-425g/,https://fremu.co.uk/wp-content/uploads/2023/10/Geisha-Mackerel-in-Tomato-Sauce-425g-1.png,Category: Cupboard Food
3995,Golden Morn Maize &#038; Soya Protein Nestle 800g,golden-morn-800g,SVA-1690824272049,5.99,GBP,FALSE,TRUE,https://fremu.co.uk/product/golden-morn-800g/,https://fremu.co.uk/wp-content/uploads/2023/10/Golden-Morn-Maize-Soya-Protein-Nestle-800g-1.png,Category: Cupboard Food
3671,KTC Extended Life vegetable oil- 1ltr,ktc-extended-life-vegetable-oil-1ltr,SVA-1685546980157,3.99,GBP,FALSE,TRUE,https://fremu.co.uk/product/ktc-extended-life-vegetable-oil-1ltr/,https://fremu.co.uk/wp-content/uploads/2023/10/Ktc-Vegetable-Oil-1Ltr-1.png,Category: Cupboard Food
3892,Lion head Easy cook Rice-20KG,lion-head-easy-cook-rice-20kg,SVA-1686316285120,23.89,GBP,FALSE,TRUE,https://fremu.co.uk/product/lion-head-easy-cook-rice-20kg/,https://fremu.co.uk/wp-content/uploads/2023/10/lionhead-easy-cook-rice-20kg_800x-1.webp,Category : Rice
3815,Lion head &#8211; easy cook rice &#8211; 10kg,lion-head-easy-cook-rice-10kg,SVA-1685724235202,14.99,GBP,FALSE,TRUE,https://fremu.co.uk/product/lion-head-easy-cook-rice-10kg/,https://fremu.co.uk/wp-content/uploads/2023/10/71aLBjH522S.png,Category : Rice
3879,KTC Pure Sunflower Oil -1ltr,ktc-pure-sunflower-oil-1ltr,SVA-1686074707643,3.99,GBP,FALSE,TRUE,https://fremu.co.uk/product/ktc-pure-sunflower-oil-1ltr/,https://fremu.co.uk/wp-content/uploads/2023/10/KTC-Pure-Sunflower-Oil-1ltr-1.png,Category: Cupboard Food
3656,KTC Extended Life Vegetable Oil- 5ltr,ktc-extended-life-vegetable-oil-5ltr,SVA-1685544702683,14.89,GBP,FALSE,TRUE,https://fremu.co.uk/product/ktc-extended-life-vegetable-oil-5ltr/,https://fremu.co.uk/wp-content/uploads/2023/10/Ktc-Vegetable-Oil-5Ltr-1.png,Category: Cupboard Food
3670,KTC Vegetable oil -2Ltr,ktc-vegetable-oil-2ltr,SVA-1685546518926,7.99,GBP,FALSE,TRUE,https://fremu.co.uk/product/ktc-vegetable-oil-2ltr/,https://fremu.co.uk/wp-content/uploads/2023/10/KTC-VEGETABLE-OIL-2L-1.png,Category: Cupboard Food
4002,HorseHoe &#8211; Ground rice &#8211; 10kg,horsehoe-ground-rice-10kg,SVA-1690837754383,12.99,GBP,FALSE,TRUE,https://fremu.co.uk/product/horsehoe-ground-rice-10kg/,https://fremu.co.uk/wp-content/uploads/2023/10/horseshoe-ground-rice-10kg.png,Category : Rice
3965,Green Dragon Rice-10kg,green-dragon-rice-10kg,SVA-1688150821982,18.99,GBP,FALSE,TRUE,https://fremu.co.uk/product/green-dragon-rice-10kg/,https://fremu.co.uk/wp-content/uploads/2023/10/1306510GREENDRAGONThaiFragrantRice10kg_1024x.webp,Category : Rice
3863,Lemon&#038;Ginger teabags,lemonginger-teabags,SVA-1686070325707,1.69,GBP,FALSE,TRUE,https://fremu.co.uk/product/lemonginger-teabags/,https://fremu.co.uk/wp-content/uploads/2021/09/Tropical_Sun_Lemon_n_Ginger_20_Bags_1200x1200.jpg,Category: Cupboard Food
3872,Green dragon &#8211; AAA Thai hom malu fragrant rice &#8211; 20kg,green-dragon-aaa-thai-hom-malu-fragrant-rice-20kg,SVA-1686072285895,33.29,GBP,FALSE,TRUE,https://fremu.co.uk/product/green-dragon-aaa-thai-hom-malu-fragrant-rice-20kg/,https://fremu.co.uk/wp-content/uploads/2023/10/green-dragon-thais-geparfumeerde-rijst-heel.webp,Category : Rice
3644,Lipton yellow label &#8211; 200g,lipton-yellow-label-200g,SVA-1685538270788,3.89,GBP,FALSE,FALSE,https://fremu.co.uk/product/lipton-yellow-label-200g/,https://fremu.co.uk/wp-content/uploads/2023/10/Lipton-yellow-label-200g-1.png,Category: Cupboard Food
3959,Mama pride &#8211; honey beans oloyin &#8211; 1.5kg,mama-pride-honey-beans-oloyin-1-5kg,SVA-1688137251727,6.59,GBP,FALSE,FALSE,https://fremu.co.uk/product/mama-pride-honey-beans-oloyin-1-5kg/,https://fremu.co.uk/wp-content/uploads/2023/10/Mama-pride-honey-beans-oloyin-1.5kg-1.png,Category: Cupboard Food
3772,Green Dragon &#8211; AAA  Thai Hom Mali Fragrant Rice &#8211; 5kg,green-dragon-aaa-thai-hom-mali-fragrant-rice-5kg,SVA-1685719972706,10.29,GBP,FALSE,TRUE,https://fremu.co.uk/product/green-dragon-aaa-thai-hom-mali-fragrant-rice-5kg/,https://fremu.co.uk/wp-content/uploads/2023/10/green-dragon-thai-fragrant-rice-aaa-5kg-1-1-p-1.png,Category : Rice
3818,Daawat &#8211; extra long basmati rice &#8211; 10kg,daawat-extra-long-basmati-rice,SVA-1685724440197,12.49,GBP,FALSE,FALSE,https://fremu.co.uk/product/daawat-extra-long-basmati-rice/,https://fremu.co.uk/wp-content/uploads/2023/10/R-008_clipped_rev_1_copy_560e4136-b0f2-4d4e-b6d1-1a9f73cf5534.png,Category : Rice
3960,Mama pride &#8211; honey beans oloyin &#8211; 4kg,mama-pride-honey-beans-oloyin-4kg,SVA-1688138017167,17.99,GBP,FALSE,TRUE,https://fremu.co.uk/product/mama-pride-honey-beans-oloyin-4kg/,https://fremu.co.uk/wp-content/uploads/2023/10/Mama-pride-honey-beans-oloyin-4kg-1.png,Category: Cupboard Food
3816,Apna &#8211; rice &#8211; 5kg,apna-rice-5kg,SVA-1685724288906,8.99,GBP,FALSE,FALSE,https://fremu.co.uk/product/apna-rice-5kg/,https://fremu.co.uk/wp-content/uploads/2023/10/APNA-RICE-5kg-1.png,Category : Rice
3905,AAA Lion head &#8211; jasmine fragrant rice &#8211; 2kg,aaa-lion-head-jasmine-fragrant-rice-2kg,SVA-1686327405206,3.99,GBP,FALSE,TRUE,https://fremu.co.uk/product/aaa-lion-head-jasmine-fragrant-rice-2kg/,https://fremu.co.uk/wp-content/uploads/2023/10/2kg-lion-head-aaa-premium-jasmine-fragrant-rice-16824-p.png,Category : Rice
3813,AAA -Jasmine fragrant rice &#8211; 10kg,aaa-jasmine-fragrant-rice-10kg,SVA-1685723931168,18.99,GBP,FALSE,TRUE,https://fremu.co.uk/product/aaa-jasmine-fragrant-rice-10kg/,https://fremu.co.uk/wp-content/uploads/2021/06/Green-Dragon-Thai-Hom-Mali-Fragrant-Rice-AAA-10Kg.jpg,Category : Rice
4026,East end Semolina fine-5kg,east-end-semolina-fine-5kg,SVA-1691054756404,10.99,GBP,FALSE,FALSE,https://fremu.co.uk/product/east-end-semolina-fine-5kg/,https://fremu.co.uk/wp-content/uploads/2023/10/East-end-Semolina-fine-5kg-1.png,Category: Flour &amp; Gari
3994,Stock fish tusk,stock-fish-tusk,SVA-1690812367938,3.99,GBP,FALSE,TRUE,https://fremu.co.uk/product/stock-fish-tusk/,https://fremu.co.uk/wp-content/uploads/2023/10/Africas-Finest-Stock-Fish-fillet-100-ge.webp,Category: Cupboard Food
3836,Cassava Dough &#8211; Efie Eduane &#8211; 2kg,cassava-dough-efie-eduane-2kg,SVA-1685728827523,3.99,GBP,FALSE,TRUE,https://fremu.co.uk/product/cassava-dough-efie-eduane-2kg/,https://fremu.co.uk/wp-content/uploads/2023/10/Cassava-Dough-Efie-Eduane-2kg-1.png,Category: Flour &amp; Gari
3835,Cassava dough &#8211; Efie Eduane &#8211; 1kg,cassava-dough-efie-eduane-1kg,SVA-1685728758904,2.99,GBP,FALSE,TRUE,https://fremu.co.uk/product/cassava-dough-efie-eduane-1kg/,https://fremu.co.uk/wp-content/uploads/2023/10/Cassava-dough-Efie-Eduane-1kg-1.png,Category: Flour &amp; Gari
3751,Cadbury &#8211; Bourn Vita &#8211; 900g,cadbury-bourn-vita-900g,SVA-1685717616724,10.29,GBP,FALSE,FALSE,https://fremu.co.uk/product/cadbury-bourn-vita-900g/,https://fremu.co.uk/wp-content/uploads/2023/10/Cadbury-Bournvita-900g-1.png,Category: Flour &amp; Gari
3668,Blue Bay Kokonte cassava flour- 1Kg,blue-bay-kokonte-cassava-flour-1kg,SVA-1685546346283,5.89,GBP,FALSE,FALSE,https://fremu.co.uk/product/blue-bay-kokonte-cassava-flour-1kg/,https://fremu.co.uk/wp-content/uploads/2023/10/Blue-Bay-Kokonte-Cassava-Flour-1-kg-1.png,Category: Flour &amp; Gari
3801,Azam &#8211; Wheat Flour &#8211; 2kg,azam-wheat-flour-2kg,SVA-1685722594718,8.59,GBP,FALSE,FALSE,https://fremu.co.uk/product/azam-wheat-flour-2kg/,https://fremu.co.uk/wp-content/uploads/2022/02/Azam-Super-Fine-Home-Baking-Flour-2kg.png,Category: Flour &amp; Gari
4022,Jackfruit in syrup-565g,jackfruit-in-syrup-565g,SVA-1691005288375,1.99,GBP,FALSE,TRUE,https://fremu.co.uk/product/jackfruit-in-syrup-565g/,https://fremu.co.uk/wp-content/uploads/2023/10/Jack-fruit-in-syrup.png,Category: Cupboard Food
4020,Jollof seasoning-100g,jollof-seasoning-100g,SVA-1691003774812,1.99,GBP,FALSE,FALSE,https://fremu.co.uk/product/jollof-seasoning-100g/,https://fremu.co.uk/wp-content/uploads/2023/10/Jollof-seasoning.png,Category: Spices &amp; Seasonings
4007,Thyme-200g,thyme-200g,SVA-1690891559368,5.99,GBP,FALSE,TRUE,https://fremu.co.uk/product/thyme-200g/,https://fremu.co.uk/wp-content/uploads/2023/10/Thyme-200g.png,Category: Spices &amp; Seasonings
3996,Maggi star,maggi-star,SVA-1690829933912,2.89,GBP,FALSE,TRUE,https://fremu.co.uk/product/maggi-star/,https://fremu.co.uk/wp-content/uploads/2023/10/Maggi-cubes.png,Category: Spices &amp; Seasonings
4003,Old africa all purpose seasoning-500g,old-africa-all-purpose-seasoning-500g,SVA-1690890400958,5.99,GBP,FALSE,FALSE,https://fremu.co.uk/product/old-africa-all-purpose-seasoning-500g/,https://fremu.co.uk/wp-content/uploads/2023/10/All-purpose-seasoning-500g.png,Category: Spices &amp; Seasonings
3911,Knoss Aromat &#8211; 90g,knoss-aromat-90g,SVA-1686329198010,1.99,GBP,FALSE,TRUE,https://fremu.co.uk/product/knoss-aromat-90g/,https://fremu.co.uk/wp-content/uploads/2023/10/Aromat-all-purpose-seasoning.png,Category : Rice | Category: Spices &amp; Seasonings
3665,Ghana Taste Banku Mix -500g,ghana-taste-banku-mix-500g,SVA-1685546000321,3.89,GBP,FALSE,TRUE,https://fremu.co.uk/product/ghana-taste-banku-mix-500g/,https://fremu.co.uk/wp-content/uploads/2023/10/Banku-mix.png,Category: Flour &amp; Gari
4488,Dunn&#8217;s River Barbecue Seasoning &#8211; 100g,dunns-river-barbecue-seasoning-100g,,1.89,GBP,FALSE,FALSE,https://fremu.co.uk/product/dunns-river-barbecue-seasoning-100g/,https://fremu.co.uk/wp-content/uploads/2023/10/BBQ-seasoning-100g.png,Category: Spices &amp; Seasonings
4006,Old Africa chicken seasoning &#8211; 500g,old-africa-chicken-seasoning,SVA-1690891290891,5.99,GBP,FALSE,TRUE,https://fremu.co.uk/product/old-africa-chicken-seasoning/,https://fremu.co.uk/wp-content/uploads/2023/10/Chicken-seasoning-500g.png,Category: Spices &amp; Seasonings
3970,Blessed Kisubi Tea,blessed-kisubi-tea,SVA-1688492265594,3.89,GBP,FALSE,FALSE,https://fremu.co.uk/product/blessed-kisubi-tea/,https://fremu.co.uk/wp-content/uploads/2023/10/Blessed-kisubi-tea.png,Category: Cupboard Food
3706,Tabitha&#8217;s Chin Chin-200g,tabithas-chin-chin-200g,SVA-1685557662626,1.99,GBP,FALSE,TRUE,https://fremu.co.uk/product/tabithas-chin-chin-200g/,https://fremu.co.uk/wp-content/uploads/2023/10/Chin-chin.png,Snacks &amp; Breads
3733,Coca cola bottle- 500ml,coca-cola-bottle-500ml,SVA-1685705467514,1,GBP,FALSE,TRUE,https://fremu.co.uk/product/coca-cola-bottle-500ml/,https://fremu.co.uk/wp-content/uploads/2023/10/Coca-cola-original-taste.png,Category: Drink
3921,Dunns river &#8211; coconut milk &#8211; 400ml,dunns-river-coconut-milk-400ml,SVA-1686333169798,0.85,GBP,FALSE,FALSE,https://fremu.co.uk/product/dunns-river-coconut-milk-400ml/,https://fremu.co.uk/wp-content/uploads/2023/10/Coconut-milk.png,Category: Cupboard Food
3655,Maggi Coconut milk powder mix-300g,coconut-milk-powder-mix-300g,SVA-1685544582623,4.89,GBP,FALSE,TRUE,https://fremu.co.uk/product/coconut-milk-powder-mix-300g/,https://fremu.co.uk/wp-content/uploads/2023/10/Coconut-milk-powder-mix.png,Category: Cupboard Food
3860,Crunchy coconut peanuts -330g,cruncy-coconut-peanuts-330g,SVA-1686068366486,3.79,GBP,FALSE,TRUE,https://fremu.co.uk/product/cruncy-coconut-peanuts-330g/,https://fremu.co.uk/wp-content/uploads/2023/10/admin-ajax-3-1.png,Snacks &amp; Breads
3701,Crunchy Coconut Peanuts-165g,cruncy-coconut-peanuts-165g,SVA-1685556733408,2.59,GBP,FALSE,TRUE,https://fremu.co.uk/product/cruncy-coconut-peanuts-165g/,https://fremu.co.uk/wp-content/uploads/2023/10/Coconut-peanuts-small.png,Snacks &amp; Breads
3684,Corned beef Exeter -340g,corned-beef-exeter-340g,SVA-1685549303208,4.89,GBP,FALSE,TRUE,https://fremu.co.uk/product/corned-beef-exeter-340g/,https://fremu.co.uk/wp-content/uploads/2023/10/Corned-beef.png,Category: Cupboard Food
3769,Lady B &#8211; Custard Powder &#8211; 2kg,lady-b-custard-powder-2kg,SVA-1685719658693,6.99,GBP,FALSE,TRUE,https://fremu.co.uk/product/lady-b-custard-powder-2kg/,https://fremu.co.uk/wp-content/uploads/2023/10/Custard-powder.png,Category: Cupboard Food
3658,Dark Soy Sauce &#8211; 150ml,dark-soy-sauce-150ml,SVA-1685544910119,1.99,GBP,FALSE,TRUE,https://fremu.co.uk/product/dark-soy-sauce-150ml/,https://fremu.co.uk/wp-content/uploads/2023/10/Dark-soy-sauce.png,Category: Spices &amp; Seasonings
3664,Lion Dried Thyme -10g,lion-dried-thyme-10g,SVA-1685545911821,0.99,GBP,FALSE,TRUE,https://fremu.co.uk/product/lion-dried-thyme-10g/,https://fremu.co.uk/wp-content/uploads/2023/10/Dry-thyme.png,Category: Spices &amp; Seasonings
4509,Dunn River Everyday Seasoning &#8211; 100g,dunn-river-everyday-seasoning-100g,,1.89,GBP,FALSE,FALSE,https://fremu.co.uk/product/dunn-river-everyday-seasoning-100g/,https://fremu.co.uk/wp-content/uploads/2023/10/Everyday-seasoning-10g-1.png,Category: Spices &amp; Seasonings
3825,Exotic crisps &#8211; mild chilli &#8211; 75g,exotic-crisps-mild-chilli-75g,SVA-1685727725480,0.9,GBP,FALSE,TRUE,https://fremu.co.uk/product/exotic-crisps-mild-chilli-75g/,https://fremu.co.uk/wp-content/uploads/2023/10/gg-1.png,Snacks &amp; Breads
3966,Exotic Ripe Plantain Natural Sweet -75g,exotic-ripe-plantain-75g,SVA-1688306989173,0.9,GBP,FALSE,TRUE,https://fremu.co.uk/product/exotic-ripe-plantain-75g/,https://fremu.co.uk/wp-content/uploads/2023/10/Exotic-ripe-plantain-chips.png,Snacks &amp; Breads
4004,Old seasoning fish seasoning-500g,old-seasoning-fish-seasoning-500g,SVA-1690890633861,5.99,GBP,FALSE,TRUE,https://fremu.co.uk/product/old-seasoning-fish-seasoning-500g/,https://fremu.co.uk/wp-content/uploads/2023/10/Fish-seasoning-500g.png,Category: Spices &amp; Seasonings
3919,Ghana fresh &#8211; palmnut cream concentrate &#8211; 800g,ghana-fresh-palmnut-cream-concentrate-800g,SVA-1686332510514,4.59,GBP,FALSE,TRUE,https://fremu.co.uk/product/ghana-fresh-palmnut-cream-concentrate-800g/,https://fremu.co.uk/wp-content/uploads/2023/10/Ghana-palmnut-cream.png,Category: Cupboard Food
3677,Ginger paste &#8211; 330g,ginger-paste-330g,SVA-1685548132635,1.99,GBP,FALSE,TRUE,https://fremu.co.uk/product/ginger-paste-330g/,https://fremu.co.uk/wp-content/uploads/2023/10/Ginger-paste.png,Category: Spices &amp; Seasonings
3708,Ginger Tea-360G,ginger-tea-360g,SVA-1685557990163,3.29,GBP,FALSE,FALSE,https://fremu.co.uk/product/ginger-tea-360g/,https://fremu.co.uk/wp-content/uploads/2023/10/Ginger-tea.png,Category: Cupboard Food
3829,Gourmet &#8211; plantain chips &#8211; green with salt &#8211; 60g,gourmet-plantain-chips-green-salt-60g,SVA-1685727929722,0.8,GBP,FALSE,TRUE,https://fremu.co.uk/product/gourmet-plantain-chips-green-salt-60g/,https://fremu.co.uk/wp-content/uploads/2023/10/plantain.png,Snacks &amp; Breads
3910,Dunns river &#8211; Hot curry powder &#8211; 100g,dunns-river-hot-curry-powder-100g,SVA-1686328922544,1.29,GBP,FALSE,TRUE,https://fremu.co.uk/product/dunns-river-hot-curry-powder-100g/,https://fremu.co.uk/wp-content/uploads/2023/10/Hot-curry-powder-100g.png,Category: Spices &amp; Seasonings
3697,Sardines Lespadon-125g,sardines-lespadon-125g,SVA-1685555627972,0.99,GBP,FALSE,TRUE,https://fremu.co.uk/product/sardines-lespadon-125g/,https://fremu.co.uk/wp-content/uploads/2023/10/Lespandon-sardins.png,Category: Cupboard Food
3680,Grace &#8211; Hot pepper Sauce &#8211; 85ml,grace-hot-pepper-sauce-85ml,SVA-1685548818835,1.29,GBP,FALSE,TRUE,https://fremu.co.uk/product/grace-hot-pepper-sauce-85ml/,https://fremu.co.uk/wp-content/uploads/2023/10/Hot-sauce.png,Category: Spices &amp; Seasonings
3912,Maggi liquid seasoning &#8211; 125g,maggi-liquid-seasoning-125g,SVA-1686329666782,1.99,GBP,FALSE,TRUE,https://fremu.co.uk/product/maggi-liquid-seasoning-125g/,https://fremu.co.uk/wp-content/uploads/2023/10/Liquid-maggi.png,Category: Spices &amp; Seasonings
3669,Maggi Arome -200g,maggi-arome-200g,SVA-1685546411517,2.29,GBP,FALSE,TRUE,https://fremu.co.uk/product/maggi-arome-200g/,https://fremu.co.uk/wp-content/uploads/2023/10/Maggi-arome.png,Category: Spices &amp; Seasonings
3700,Knorr seasoning cubes-360g,knorr-seasoning-cubes-360g,SVA-1685556257354,2.89,GBP,FALSE,TRUE,https://fremu.co.uk/product/knorr-seasoning-cubes-360g/,https://fremu.co.uk/wp-content/uploads/2023/10/Maggi-cubes-green-.png,Category: Spices &amp; Seasonings
3690,Maggi Star Seasoning Cubes 400g+20g,maggi-star-seasoning-cubes-400g20g,SVA-1685549980852,2.89,GBP,FALSE,TRUE,https://fremu.co.uk/product/maggi-star-seasoning-cubes-400g20g/,https://fremu.co.uk/wp-content/uploads/2023/10/thumbnail.png,Category: Spices &amp; Seasonings
3909,Dunns river  &#8211; mild curry powder &#8211; 100g,dunns-river-mild-curry-powder-100g,SVA-1686328862118,1.29,GBP,FALSE,TRUE,https://fremu.co.uk/product/dunns-river-mild-curry-powder-100g/,https://fremu.co.uk/wp-content/uploads/2023/10/Mild-curry-powder-100g.png,Category: Spices &amp; Seasonings
3747,Sunquick &#8211; Mango &#8211; 700ml,sunquick-mandarin-700ml,SVA-1685717337561,3.89,GBP,FALSE,TRUE,https://fremu.co.uk/product/sunquick-mandarin-700ml/,https://fremu.co.uk/wp-content/uploads/2023/10/Mango-sunquick.png,Category: Drink
3991,Nigeria Palm oil &#8211; 2L,nigeria-palm-oil,SVA-1690806475769,2.99,GBP,FALSE,FALSE,https://fremu.co.uk/product/nigeria-palm-oil/,https://fremu.co.uk/wp-content/uploads/2023/10/Palm-oil-2L-1.png,Category: Cupboard Food
3973,Sunquick Orange &#8211; 700ml,sunquick-orange-700ml,SVA-1688998923041,3.89,GBP,FALSE,TRUE,https://fremu.co.uk/product/sunquick-orange-700ml/,https://fremu.co.uk/wp-content/uploads/2023/10/Orange-sunquick.png,Category: Drink
3717,White Oats -500g,white-oats-500g,SVA-1685559766804,3.99,GBP,FALSE,FALSE,https://fremu.co.uk/product/white-oats-500g/,https://fremu.co.uk/wp-content/uploads/2023/10/Quaker-white-oats.png,Category: Cupboard Food
3662,Pure Sesame oil -450ml,pure-sesame-oil-450ml,SVA-1685545706413,3.39,GBP,FALSE,FALSE,https://fremu.co.uk/product/pure-sesame-oil-450ml/,https://fremu.co.uk/wp-content/uploads/2023/10/Pure-sesame-oil.png,Category: Cupboard Food
3908,Mams pride &#8211; nigerian pure red palm oil &#8211; 1Litre,mams-pride-nigerian-pure-red-palm-oil-1litre,SVA-1686328408387,5.89,GBP,FALSE,TRUE,https://fremu.co.uk/product/mams-pride-nigerian-pure-red-palm-oil-1litre/,https://fremu.co.uk/wp-content/uploads/2023/10/Red-palm-oil.png,Category: Cupboard Food
3955,Titus Sardines &#8211; 125 g,titus-sardines-sun-flower-125-g,SVA-1688133619710,1.29,GBP,FALSE,FALSE,https://fremu.co.uk/product/titus-sardines-sun-flower-125-g/,https://fremu.co.uk/wp-content/uploads/2023/10/Sardins-Titus.png,Category: Cupboard Food
3698,Apollo Sardines-125g,apollo-sardines-125g-2,SVA-1685555757365,0.99,GBP,FALSE,TRUE,https://fremu.co.uk/product/apollo-sardines-125g-2/,https://fremu.co.uk/wp-content/uploads/2021/06/apollo-sardines.jpeg,Category: Cupboard Food
3646,Lifestyle Table salt &#8211; 750g,lifestyle-table-salt,SVA-1685541021227,1.19,GBP,FALSE,TRUE,https://fremu.co.uk/product/lifestyle-table-salt/,https://fremu.co.uk/wp-content/uploads/2023/10/Salt.png,Category: Cupboard Food
3679,Mama Pride Shito hot &#8211; 160g,mama-pride-shito-hot-160g,SVA-1685548680946,2.89,GBP,FALSE,TRUE,https://fremu.co.uk/product/mama-pride-shito-hot-160g/,https://fremu.co.uk/wp-content/uploads/2023/10/Shitto-african-pepper-sauce.png,Category: Spices &amp; Seasonings
3831,Tropical sun &#8211; slimtee &#8211; 30g,tropical-sun-slimtee-30g,SVA-1685728011764,1.69,GBP,FALSE,TRUE,https://fremu.co.uk/product/tropical-sun-slimtee-30g/,https://fremu.co.uk/wp-content/uploads/2023/10/Slimtee.png,Category: Cupboard Food
3674,Simba Curry powder -500g,simba-curry-powder-500g,SVA-1685547601464,7.1,GBP,FALSE,FALSE,https://fremu.co.uk/product/simba-curry-powder-500g/,https://fremu.co.uk/wp-content/uploads/2023/10/Simba-curry-powder.png,Category: Spices &amp; Seasonings
3862,Sorrel &#038; Ginger,sorrel-ginger,SVA-1686070232027,1.69,GBP,FALSE,TRUE,https://fremu.co.uk/product/sorrel-ginger/,https://fremu.co.uk/wp-content/uploads/2023/10/Sorrel-and-ginger-tea.png,Category: Cupboard Food
3657,Pure cane Granulated Sugar &#8211; 1kg,pure-cane-granulated-sugar-1kg,SVA-1685544795386,1.29,GBP,FALSE,TRUE,https://fremu.co.uk/product/pure-cane-granulated-sugar-1kg/,https://fremu.co.uk/wp-content/uploads/2023/10/Sugar.png,Category: Cupboard Food
4014,Tropical sun Everyday seasoning,tropical-sun-everyday-seasoning,SVA-1691000924084,1.99,GBP,FALSE,TRUE,https://fremu.co.uk/product/tropical-sun-everyday-seasoning/,https://fremu.co.uk/wp-content/uploads/2023/10/Sun-tropical-everyday-seasoning.png,Category: Spices &amp; Seasonings
3967,Tea Masala-100g,tea-masala-100g,SVA-1688491726686,6.25,GBP,FALSE,TRUE,https://fremu.co.uk/product/tea-masala-100g/,https://fremu.co.uk/wp-content/uploads/2023/10/Tea-masala.png,Category: Cupboard Food
3827,Gourmet &#8211; plantain chips &#8211; sweet yellow &#8211; 60g,gourmet-plantain-chips-sweet-yellow-60g,SVA-1685727834352,0.8,GBP,FALSE,FALSE,https://fremu.co.uk/product/gourmet-plantain-chips-sweet-yellow-60g/,https://fremu.co.uk/wp-content/uploads/2023/10/Sweet-yellow-plantain-chips.png,Snacks &amp; Breads
3716,Tetley original teabags,tetley-original-teabags,SVA-1685559612251,1.59,GBP,FALSE,TRUE,https://fremu.co.uk/product/tetley-original-teabags/,https://fremu.co.uk/wp-content/uploads/2023/10/Tetley-tea.png,Category: Cupboard Food
3704,Trofai-400g,trofai-800g,SVA-1685557358975,4.59,GBP,FALSE,TRUE,https://fremu.co.uk/product/trofai-800g/,https://fremu.co.uk/wp-content/uploads/2023/10/Trofai.png,Category: Cupboard Food
4560,Dunn&#8217;s River Tropical Seasoning &#8211; 100g,dunns-river-tropical-seasoning-100g,,1.99,GBP,FALSE,TRUE,https://fremu.co.uk/product/dunns-river-tropical-seasoning-100g/,https://fremu.co.uk/wp-content/uploads/2023/10/Tropical-seasoning-100g.png,Category: Spices &amp; Seasonings
3820,Tropical snack &#8211; plantain chips &#8211; 35g,tropical-snack-plantain-chips-35g,SVA-1685724583711,0.5,GBP,FALSE,FALSE,https://fremu.co.uk/product/tropical-snack-plantain-chips-35g/,https://fremu.co.uk/wp-content/uploads/2023/10/Tropical-snacks-plantain-chips-1.png,Snacks &amp; Breads
3649,Zomi Palm Oil &#8211; 2L,zomi-palm-oil-2l,SVA-1685541818409,5.89,GBP,FALSE,TRUE,https://fremu.co.uk/product/zomi-palm-oil-2l/,https://fremu.co.uk/wp-content/uploads/2023/10/Zomi-palm-oil-2L.png,Category: Cupboard Food
3648,Zomi Palm Oil &#8211; 1L,zomi-palm-oil,SVA-1685541658997,5.59,GBP,FALSE,TRUE,https://fremu.co.uk/product/zomi-palm-oil/,https://fremu.co.uk/wp-content/uploads/2023/10/admin-ajax-2-1.png,Category: Cupboard Food
4568,Tropical Snack &#8211; Cashew Snacks,tropical-snack-cashew-snacks,,2.99,GBP,FALSE,FALSE,https://fremu.co.uk/product/tropical-snack-cashew-snacks/,https://fremu.co.uk/wp-content/uploads/2023/10/Cashew-nuts.png,Snacks &amp; Breads
4572,Dunn&#8217;s River Cock Flavoured Seasoning &#8211; 100g,dunns-river-cock-flavoured-seasoning-100g,,1.99,GBP,FALSE,FALSE,https://fremu.co.uk/product/dunns-river-cock-flavoured-seasoning-100g/,https://fremu.co.uk/wp-content/uploads/2023/10/Cock-flavoured-seasoning-100g.png,Category: Spices &amp; Seasonings
3713,De Rica -850g,de-rica-850g,SVA-1685559177047,3.29,GBP,FALSE,TRUE,https://fremu.co.uk/product/de-rica-850g/,https://fremu.co.uk/wp-content/uploads/2023/10/Doppio-Concentrato-big.png,Category: Cupboard Food
3712,De rica Dippio Concentrato -70g,de-rica-70g,SVA-1685559114483,0.69,GBP,FALSE,FALSE,https://fremu.co.uk/product/de-rica-70g/,https://fremu.co.uk/wp-content/uploads/2021/06/De-Rica-Tomato-Puree-70g.jpg,Category: Cupboard Food
3643,De rica 400g,de-rica-400g-2,SVA-1685537832981,1.99,GBP,FALSE,TRUE,https://fremu.co.uk/product/de-rica-400g-2/,https://fremu.co.uk/wp-content/uploads/2023/10/Doppio-concetrate-small.png,Category: Cupboard Food
3711,De Rica-210g,de-rica-210g,SVA-1685559038482,1.29,GBP,FALSE,TRUE,https://fremu.co.uk/product/de-rica-210g/,https://fremu.co.uk/wp-content/uploads/2023/10/De-Rica-Tomato-Paste.jpg,Category: Cupboard Food
4587,Dunn&#8217;s River Ground Pimento- 80g,dunns-river-ground-pimento-80g,,1.99,GBP,FALSE,FALSE,https://fremu.co.uk/product/dunns-river-ground-pimento-80g/,https://fremu.co.uk/wp-content/uploads/2023/10/Ground-pimento-80g-1.png,Category: Spices &amp; Seasonings
4586,Fremu Pounded G-Nuts,fremu-pounded-g-nuts,,4.99,GBP,FALSE,FALSE,https://fremu.co.uk/product/fremu-pounded-g-nuts/,https://fremu.co.uk/wp-content/uploads/2023/10/Fremu-Pounded-G-Nuts.png,Category: Flour &amp; Gari
4592,Dunn&#8217;s River Jerk Seasoning &#8211; 100g,dunns-river-jerk-seasoning-100g,,1.99,GBP,FALSE,FALSE,https://fremu.co.uk/product/dunns-river-jerk-seasoning-100g/,https://fremu.co.uk/wp-content/uploads/2023/10/Jerk-seasoning-100g.png,Category: Spices &amp; Seasonings
4593,Dunn&#8217;s River Lamb Seasoning &#8211; 100g,dunns-river-lamb-seasoning-100g,,1.99,GBP,FALSE,FALSE,https://fremu.co.uk/product/dunns-river-lamb-seasoning-100g/,https://fremu.co.uk/wp-content/uploads/2023/10/Lamb-seasoning-100g.png,Category: Spices &amp; Seasonings
4598,Dunn&#8217;s River Mixed Herbs &#8211; 30g,dunns-river-mixed-herbs-30g,,1.99,GBP,FALSE,TRUE,https://fremu.co.uk/product/dunns-river-mixed-herbs-30g/,https://fremu.co.uk/wp-content/uploads/2023/10/Mixed-herbs-30g.png,Category: Spices &amp; Seasonings
4599,Ades Palm Oil &#8211; 4L,ades-palm-oil-4l,,14.89,GBP,FALSE,TRUE,https://fremu.co.uk/product/ades-palm-oil-4l/,https://fremu.co.uk/wp-content/uploads/2023/10/Palm-oil-4L.png,Category: Cupboard Food
3972,Vimto  Zero &#8211; 330ml,vimto-zero-330ml,SVA-1688995829362,0.89,GBP,FALSE,FALSE,https://fremu.co.uk/product/vimto-zero-330ml/,https://fremu.co.uk/wp-content/uploads/2023/10/Vimto_zero_-_330ml.png,Category: Drink
3854,Sun Exotic Pineapple&#038; Coconut-1ltr,sun-exotic-pineapple-coconut-1ltr,SVA-1686065877570,1.19,GBP,FALSE,TRUE,https://fremu.co.uk/product/sun-exotic-pineapple-coconut-1ltr/,https://fremu.co.uk/wp-content/uploads/2023/10/Sun-Exotic-Pineapple-Coconut-Juice-Drink-1Ltr.png,Category: Drink
3971,Fruit shoot &#8211; Orange 4 pack &#8211; 200ml,fruit-shoot-orange-4-pack-200ml,SVA-1688993878269,1,GBP,FALSE,TRUE,https://fremu.co.uk/product/fruit-shoot-orange-4-pack-200ml/,https://fremu.co.uk/wp-content/uploads/2023/10/914kxgIYoeL._AC_UF10001000_QL80_.jpg,Category: Drink
4025,Highland 2ltrs,highland-2ltrs,SVA-1691006089540,1.29,GBP,FALSE,TRUE,https://fremu.co.uk/product/highland-2ltrs/,https://fremu.co.uk/wp-content/uploads/2023/10/Highland-Spring-2L-Plastic-1-2.jpg,Category: Drink
3856,Sun exotic -Pineapple &#038;Coconut &#8211; 288ml,sun-exotic-pineapple-coconut-288ml,SVA-1686066575286,0.69,GBP,FALSE,TRUE,https://fremu.co.uk/product/sun-exotic-pineapple-coconut-288ml/,https://fremu.co.uk/wp-content/uploads/2023/10/sun-exotic-pineapple-and-coconut-288ml-price-marked-carton.jpg,Category: Drink
3734,Volvic mineral water -1ltr,volvic-mineral-water-1ltr,SVA-1685705755228,0.99,GBP,FALSE,TRUE,https://fremu.co.uk/product/volvic-mineral-water-1ltr/,https://fremu.co.uk/wp-content/uploads/2023/10/images-1.jpeg,Category: Drink
3855,Rubicon Still-Pineapple,rubicon-still-pineapple,SVA-1686066176519,1.49,GBP,FALSE,FALSE,https://fremu.co.uk/product/rubicon-still-pineapple/,https://fremu.co.uk/wp-content/uploads/2023/10/rubicon-pineapple.jpg,Category: Drink
3853,Rubicon Still Mango-1lt,rubicon-still-mango-1lt,SVA-1686065778164,1.49,GBP,FALSE,FALSE,https://fremu.co.uk/product/rubicon-still-mango-1lt/,https://fremu.co.uk/wp-content/uploads/2023/10/ii.png,Category: Drink
3861,Ribena Blackcurrant pack of 4,ribena-blackcurrant-pack-of-4,SVA-1686068736932,1.49,GBP,FALSE,FALSE,https://fremu.co.uk/product/ribena-blackcurrant-pack-of-4/,https://fremu.co.uk/wp-content/uploads/2023/10/ribena.jpg,Category: Drink
3857,Robinson fruit shoot-summer fruit-pack of 4,robinson-fruit-shoot-summer-fruit-pack-of-4,SVA-1686067166339,1,GBP,FALSE,TRUE,https://fremu.co.uk/product/robinson-fruit-shoot-summer-fruit-pack-of-4/,https://fremu.co.uk/wp-content/uploads/2023/10/305554-fruit-shoot-s-frt.jpg,Category: Drink
4024,Mirinda-2.28L,mirinda-2-25-lts,SVA-1691005893293,2.99,GBP,FALSE,FALSE,https://fremu.co.uk/product/mirinda-2-25-lts/,https://fremu.co.uk/wp-content/uploads/2023/10/Mirinda-Orange-2.25l-x-1.png,Category: Drink
3849,Maltina classic can-330ml,maltina-classic-can-330ml,SVA-1686064168083,0.89,GBP,FALSE,TRUE,https://fremu.co.uk/product/maltina-classic-can-330ml/,https://fremu.co.uk/wp-content/uploads/2023/10/maltine.png,Category: Drink
3953,Juice Burst,juice-burst,SVA-1687799288263,0.99,GBP,FALSE,TRUE,https://fremu.co.uk/product/juice-burst/,https://fremu.co.uk/wp-content/uploads/2023/10/6_8_68ad47901c7fee79e271599e5f8bfa48d54c22ec04929cdf7e831c51c8ca7871.jpeg,Category: Drink
3830,Tropical sun &#8211; moringa &#8211; 30g,tropical-sun-moringa-30g,SVA-1685727969030,1.69,GBP,FALSE,TRUE,https://fremu.co.uk/product/tropical-sun-moringa-30g/,https://fremu.co.uk/wp-content/uploads/2021/09/moringa.jpg,Category: Cupboard Food
3859,Highland Spring water-500ml,highland-spring-water-500ml,SVA-1686067547310,0.59,GBP,FALSE,TRUE,https://fremu.co.uk/product/highland-spring-water-500ml/,https://fremu.co.uk/wp-content/uploads/2023/10/U-1HSP0500-19_12_2022_14_00_08_1.jpg,Category: Drink
3721,Sun Exotic Tropical fruit- 288ml,sun-exotic-tropical-fruit-288ml,SVA-1685704321426,0.69,GBP,FALSE,TRUE,https://fremu.co.uk/product/sun-exotic-tropical-fruit-288ml/,https://fremu.co.uk/wp-content/uploads/2023/10/download.jpeg,Category: Drink
3724,Red Bull Energy Drink-250ml,red-bull-energy-drink-250ml,SVA-1685704598451,1.35,GBP,FALSE,TRUE,https://fremu.co.uk/product/red-bull-energy-drink-250ml/,https://fremu.co.uk/wp-content/uploads/2023/10/711_동서레드불에너지250.jpg,Category: Drink
3720,Rubicon Still Mango &#8211; 288ml,rubicon-still-mango-288ml,SVA-1685704232232,0.79,GBP,FALSE,FALSE,https://fremu.co.uk/product/rubicon-still-mango-288ml/,https://fremu.co.uk/wp-content/uploads/2023/10/U-1RUB65MA-22_03_2023_18_00_05.jpg,Category: Drink
3847,Malta Guiness can -330ml,malta-guiness-can-330ml,SVA-1686063355889,0.89,GBP,FALSE,TRUE,https://fremu.co.uk/product/malta-guiness-can-330ml/,https://fremu.co.uk/wp-content/uploads/2022/01/malta-guiness.jpg,Category: Drink
3731,Irn bru can &#8211; 330ml,irn-bru-can-330ml,SVA-1685705345996,0.89,GBP,FALSE,FALSE,https://fremu.co.uk/product/irn-bru-can-330ml/,https://fremu.co.uk/wp-content/uploads/2023/10/irn-bru-330.jpg,Category: Drink
3650,Jumbo Aroma all purpose- 1kg,jumbo-aroma-all-purpose-1kg,SVA-1685542544196,4.99,GBP,FALSE,FALSE,https://fremu.co.uk/product/jumbo-aroma-all-purpose-1kg/,https://fremu.co.uk/wp-content/uploads/2023/10/Jumbo-Aroma-All-Purpose-1kg.jpg,Category: Spices &amp; Seasonings
3846,Hyper Malt can &#8211; 6 pck x 330ml,hyper-malt-can-6-pck-x-330ml,SVA-1686063152780,5.99,GBP,FALSE,TRUE,https://fremu.co.uk/product/hyper-malt-can-6-pck-x-330ml/,https://fremu.co.uk/wp-content/uploads/2021/09/Hyper-Malt-pack-of-6.png,Category: Drink
3746,Irn Bru &#8211; 2L,irn-bru-2l,SVA-1685717110834,2.19,GBP,FALSE,FALSE,https://fremu.co.uk/product/irn-bru-2l/,https://fremu.co.uk/wp-content/uploads/2023/10/113968011_0_640x640.jpg,Category: Drink
3848,Fanta Orange can- 330ml,fanta-orange-can-330ml,SVA-1686063562863,0.89,GBP,FALSE,TRUE,https://fremu.co.uk/product/fanta-orange-can-330ml/,https://fremu.co.uk/wp-content/uploads/2023/10/bz18041.jpg,Category: Drink
3745,Fanta &#8211; 2L,fanta-2l,SVA-1685717068220,2.49,GBP,FALSE,TRUE,https://fremu.co.uk/product/fanta-2l/,https://fremu.co.uk/wp-content/uploads/2023/10/55525281_1-pdpxl.jpg,Category: Drink
3722,Coca-cola can- 330ml,coca-cola-can-330ml,SVA-1685704391948,0.89,GBP,FALSE,TRUE,https://fremu.co.uk/product/coca-cola-can-330ml/,https://fremu.co.uk/wp-content/uploads/2023/10/coca-cola-original-can-330ml.jpg,Category: Drink
3744,Coca Cola &#8211; 1.75L,coca-cola-1-75l,SVA-1685717028681,2.49,GBP,FALSE,FALSE,https://fremu.co.uk/product/coca-cola-1-75l/,https://fremu.co.uk/wp-content/uploads/2023/10/Coca-cola-New-Size.png,Category: Drink
3718,Non Alcoholic Ammstel Malt Drink – 300ml,ammstel-malt-drink-300ml,SVA-1685704011165,0.89,GBP,FALSE,TRUE,https://fremu.co.uk/product/ammstel-malt-drink-300ml/,https://fremu.co.uk/wp-content/uploads/2023/10/ifeoma_d517a25f3c46a71a620db1fa384f9ccff3b7ef90.jpg,Category: Drink
3672,Afrimalt-500ml,afrimalt-500ml,SVA-1685547059629,1.19,GBP,FALSE,TRUE,https://fremu.co.uk/product/afrimalt-500ml/,https://fremu.co.uk/wp-content/uploads/2023/10/Afrimalt-Can-500ml-450x450.jpg.webp,Category: Drink
3688,Royco chicken mchuzi mix-200g,royco-chicken-mchuzi-mix-200g,SVA-1685549815840,4.99,GBP,FALSE,TRUE,https://fremu.co.uk/product/royco-chicken-mchuzi-mix-200g/,https://fremu.co.uk/wp-content/uploads/2023/10/RoycoMchuziChicken.webp,Category: Spices &amp; Seasonings
3682,Supreme Chopped Tomatoes &#8211; 400g,supreme-chopped-tomatoes-400g,SVA-1685549080600,0.99,GBP,FALSE,FALSE,https://fremu.co.uk/product/supreme-chopped-tomatoes-400g/,https://fremu.co.uk/wp-content/uploads/2023/10/supreme-chopped-tomato-tin.webp,Category: Cupboard Food
3702,Pure Ground Chillies Spice-100g,pure-ground-chillies-spice-100g,SVA-1685556896134,3.89,GBP,FALSE,FALSE,https://fremu.co.uk/product/pure-ground-chillies-spice-100g/,https://fremu.co.uk/wp-content/uploads/2023/10/chillies1.png,Category: Spices &amp; Seasonings
3676,Royco beef Mchuzi mix -200g,royco-beef-mchuzi-mix-200g,SVA-1685547834567,4.99,GBP,FALSE,FALSE,https://fremu.co.uk/product/royco-beef-mchuzi-mix-200g/,https://fremu.co.uk/wp-content/uploads/2023/10/IMG_3613_800x.webp,Category: Spices &amp; Seasonings
3743,Mama Pride &#8211; Whole Ogbono &#8211; 70g,mama-pride-whole-ogbono-70g,SVA-1685716946354,1.99,GBP,FALSE,TRUE,https://fremu.co.uk/product/mama-pride-whole-ogbono-70g/,https://fremu.co.uk/wp-content/uploads/2023/10/914svVwA-gL.jpg,Category: Spices &amp; Seasonings
3737,Mama Pride Okazi Leaves-30g,mama-pride-okazi-leaves-30g,SVA-1685708240374,1.99,GBP,FALSE,FALSE,https://fremu.co.uk/product/mama-pride-okazi-leaves-30g/,https://fremu.co.uk/wp-content/uploads/2023/10/SR0006_MotherAfricaOkaziLeaves25g.webp,Category: Spices &amp; Seasonings
3740,Mama Pride &#8211; Bonga Fillets,mama-pride-bonga-fillets,SVA-1685716538387,3.99,GBP,FALSE,TRUE,https://fremu.co.uk/product/mama-pride-bonga-fillets/,https://fremu.co.uk/wp-content/uploads/2023/10/MA-BONGA-Shawa-fillet-100g.jpg,Category: Cupboard Food
3913,Maggi &#8211; liquid seasoning HOT &#8211; 119g,maggi-liquid-seasoning-hot-119g,SVA-1686329701680,1.99,GBP,FALSE,TRUE,https://fremu.co.uk/product/maggi-liquid-seasoning-hot-119g/,https://fremu.co.uk/wp-content/uploads/2023/10/hot-liquid-seasoning_grande.webp,Category: Spices &amp; Seasonings
3663,Lion Curry Powder -25g,lion-curry-powder-25g,SVA-1685545818158,0.99,GBP,FALSE,TRUE,https://fremu.co.uk/product/lion-curry-powder-25g/,https://fremu.co.uk/wp-content/uploads/2023/10/IX2A1292-4.jpg,Category: Spices &amp; Seasonings
3693,Knorr chicken seasoning cubes- 360g,knorr-chicken-seasoning-cubes-360g,SVA-1685550509401,3.99,GBP,FALSE,TRUE,https://fremu.co.uk/product/knorr-chicken-seasoning-cubes-360g/,https://fremu.co.uk/wp-content/uploads/2023/10/cubes.png,Category: Spices &amp; Seasonings
4011,Dried ugu,dried-ugu,SVA-1690895073550,1.99,GBP,FALSE,TRUE,https://fremu.co.uk/product/dried-ugu/,https://fremu.co.uk/wp-content/uploads/2023/10/sr_1746359_large.png,Category: Spices &amp; Seasonings
3931,Akabanga &#8211; 100ml,akabanga,SVA-1686485106427,6.99,GBP,FALSE,FALSE,https://fremu.co.uk/product/akabanga/,https://fremu.co.uk/wp-content/uploads/2022/03/Akabanga-chilli-oil.png,Category: Spices &amp; Seasonings
3739,Ades &#8211; Dried Melon Seeds &#8211; 100g,ades-dried-melon-seeds-100g,SVA-1685716487090,1.99,GBP,FALSE,FALSE,https://fremu.co.uk/product/ades-dried-melon-seeds-100g/,https://fremu.co.uk/wp-content/uploads/2023/10/whole_egusi_100g.jpg,Category: Spices &amp; Seasonings
3736,Abiglobal Stockfish Boneless-200g,abiglobal-stockfish-boneless-200g,SVA-1685708165471,7.29,GBP,FALSE,FALSE,https://fremu.co.uk/product/abiglobal-stockfish-boneless-200g/,https://fremu.co.uk/wp-content/uploads/2023/10/ades-dried-boneless-stockfish-cod-fillet-350g.webp,Category: Cupboard Food
3757,TRS &#8211; Popcorn &#8211; 500g,trs-popcorn-500g,SVA-1685717980143,1.99,GBP,FALSE,FALSE,https://fremu.co.uk/product/trs-popcorn-500g/,https://fremu.co.uk/wp-content/uploads/2023/10/TRSPopcorn20x500g_600x600_crop_center.webp,Category: Cupboard Food
3824,Tropical snack &#8211; plantain chips 12pack &#8211; 420g,tropical-snack-plantain-chips-12pack-35g,SVA-1685724810888,5.5,GBP,FALSE,FALSE,https://fremu.co.uk/product/tropical-snack-plantain-chips-12pack-35g/,https://fremu.co.uk/wp-content/uploads/2023/10/ades-tropical-snack-plantain-chips-420g-pack-of-12.jpg,Snacks &amp; Breads
3710,Tabitha&#8217;s Original Flavour Chin Chin &#8211; 800g,tabithas-original-flavour-chin-chin-800g,SVA-1685558245260,8.99,GBP,FALSE,TRUE,https://fremu.co.uk/product/tabithas-original-flavour-chin-chin-800g/,https://fremu.co.uk/wp-content/uploads/2023/10/94cbff_c28ca41a6c4d487db1fa1c4492b272d6mv2.webp,Snacks &amp; Breads
3707,Tabitha&#8217;s Chin Chin -140g,tabithas-chin-chin-140g,SVA-1685557903638,1.59,GBP,FALSE,TRUE,https://fremu.co.uk/product/tabithas-chin-chin-140g/,https://fremu.co.uk/wp-content/uploads/2023/10/640x640-6.jpg,Snacks &amp; Breads
3880,Medium Eggs -18,medium-eggs-18,SVA-1686075323063,4.2,GBP,FALSE,FALSE,https://fremu.co.uk/product/medium-eggs-18/,https://fremu.co.uk/wp-content/uploads/2023/10/dblwhjbgofcrhvwfia53.jpg,Category: Cupboard Food
3885,Ades Ogi powder(yellow)-500g,ades-ogi-powderyellow-500g,SVA-1686158160813,3.99,GBP,FALSE,TRUE,https://fremu.co.uk/product/ades-ogi-powderyellow-500g/,https://fremu.co.uk/wp-content/uploads/2023/10/Ades-Ogi-Yellow-Powder-500g-1.png,Category: Flour &amp; Gari
3993,Whole Egusi -80g,whole-egusi-80g,SVA-1690811673542,1.99,GBP,FALSE,TRUE,https://fremu.co.uk/product/whole-egusi-80g/,https://fremu.co.uk/wp-content/uploads/2023/10/Screenshot_2021-02-04_at_23.21.42__54862_39aa8224-f464-4543-87a0-6fb3d29454e6_800x.webp,Category: Flour &amp; Gari
3786,White Gari &#8211; 5kg,white-gari-5kg,SVA-1685721096279,8.99,GBP,FALSE,TRUE,https://fremu.co.uk/product/white-gari-5kg/,https://fremu.co.uk/wp-content/uploads/2023/10/6876B5AF-BD4D-4F07-9CF4-08DAD46F85FA-450x450-1.png,Category: Flour &amp; Gari
3875,TRS &#8211; Coarse semolina -1.5kg,trs-coarse-semolina-1-5kg,SVA-1686073331717,3.99,GBP,FALSE,TRUE,https://fremu.co.uk/product/trs-coarse-semolina-1-5kg/,https://fremu.co.uk/wp-content/uploads/2023/10/TRS-500g-Grobkoerniger-Griess-991543.png,Category: Flour &amp; Gari
3785,White Gari &#8211; 2kg,white-gari-2kg,SVA-1685721044433,3.99,GBP,FALSE,TRUE,https://fremu.co.uk/product/white-gari-2kg/,https://fremu.co.uk/wp-content/uploads/2023/10/6876B5AF-BD4D-4F07-9CF4-08DAD46F85FA-450x450-2.png,Category: Flour &amp; Gari
4009,Tropiway Plantain fufu &#8211; 680g,tropiway-plantain-fufu-680g,SVA-1690894235694,6.29,GBP,FALSE,TRUE,https://fremu.co.uk/product/tropiway-plantain-fufu-680g/,https://fremu.co.uk/wp-content/uploads/2023/10/8-1.png,Category: Flour &amp; Gari
3781,Ijebu Gari &#8211; 2kg,ijebu-gari-2kg,SVA-1685720797735,3.99,GBP,FALSE,TRUE,https://fremu.co.uk/product/ijebu-gari-2kg/,https://fremu.co.uk/wp-content/uploads/2023/10/Ijebu-Gari-2kg-1.png,Category: Flour &amp; Gari
4008,HoneyWell Semolina &#8211; 1.8kg,honeywell-semolina-1-8kg,SVA-1690894061256,5.99,GBP,FALSE,TRUE,https://fremu.co.uk/product/honeywell-semolina-1-8kg/,https://fremu.co.uk/wp-content/uploads/2023/10/Honeywell-Semolina-1.8kg-1.png,Category: Flour &amp; Gari
3754,Tropicway &#8211; CocoYam Fufu &#8211; 680g,tropicway-cocoyam-fufu-680g,SVA-1685717790134,3.99,GBP,FALSE,FALSE,https://fremu.co.uk/product/tropicway-cocoyam-fufu-680g/,https://fremu.co.uk/wp-content/uploads/2023/10/download-3.png,Category: Flour &amp; Gari
3758,The Gourmet Chef &#8211; Pound &#8216;Ol Iyan &#8211; 4kg,the-gourmet-chef-pound-ol-iyan-4kg,SVA-1685718138139,16.99,GBP,FALSE,FALSE,https://fremu.co.uk/product/the-gourmet-chef-pound-ol-iyan-4kg/,https://fremu.co.uk/wp-content/uploads/2023/10/35-372-0-691-wide-1.png,Category: Flour &amp; Gari
3981,Olu olu poundo iyan 4kg,olu-olu-poundo-iyan-8kg,SVA-1689013513873,16.99,GBP,FALSE,FALSE,https://fremu.co.uk/product/olu-olu-poundo-iyan-8kg/,https://fremu.co.uk/wp-content/uploads/2023/10/poundo-iyan-size-8kg-42-p.png,Category: Flour &amp; Gari
4027,Heera Semolina fine-1.5kg,heera-semolina-fine-1-5kg,SVA-1691055171140,3.99,GBP,FALSE,FALSE,https://fremu.co.uk/product/heera-semolina-fine-1-5kg/,https://fremu.co.uk/wp-content/uploads/2023/10/Heera-Semolina-fine-1.5kg-1.png,Category: Flour &amp; Gari
3666,Home taste Hausa Koko -500g,home-taste-hausa-koko-500g,SVA-1685546108112,4.89,GBP,FALSE,FALSE,https://fremu.co.uk/product/home-taste-hausa-koko-500g/,https://fremu.co.uk/wp-content/uploads/2023/10/Home-taste-Hausa-Koko-500g-1.png,Category: Flour &amp; Gari
3992,Ground Ogbono &#8211; 70g,ground-ogbono,SVA-1690810116483,1.99,GBP,FALSE,TRUE,https://fremu.co.uk/product/ground-ogbono/,https://fremu.co.uk/wp-content/uploads/2023/10/Ades-Ground-Ogbono-70g-1-1.png,Category: Flour &amp; Gari
3983,Olu Olu Pounded yam-1.8kg,olu-olu-pounded-yam-1-8kg,SVA-1689247599368,13.59,GBP,FALSE,TRUE,https://fremu.co.uk/product/olu-olu-pounded-yam-1-8kg/,https://fremu.co.uk/wp-content/uploads/2023/10/TWqQOPPDoGuwym6vJVEFiy54u7CYWliRjgRJVj20.png,Category: Flour &amp; Gari
3888,Oat Fufu(oat flour)- 4kg,oat-fufuoat-flour-4kg,SVA-1686163802735,11.89,GBP,FALSE,FALSE,https://fremu.co.uk/product/oat-fufuoat-flour-4kg/,https://fremu.co.uk/wp-content/uploads/2023/10/img_9954.png,Category: Flour &amp; Gari
3874,Supreme &#8211; semolina fine &#8211; 5kg,supreme-semolina-fine-5kg,SVA-1686072934200,10.99,GBP,FALSE,TRUE,https://fremu.co.uk/product/supreme-semolina-fine-5kg/,https://fremu.co.uk/wp-content/uploads/2023/10/bN9Ydff5B3e8tPgtSrAzrdE3rkMPzamxq7xtNyCc.png,Category: Flour &amp; Gari
3954,Numa Power &#8211; Fine maize flour &#8211; 2kg,numa-power-fine-maize-flour-2kg-2,SVA-1687875301084,8.59,GBP,FALSE,FALSE,https://fremu.co.uk/product/numa-power-fine-maize-flour-2kg-2/,https://fremu.co.uk/wp-content/uploads/2023/10/cefb0a_28a4553bcf1048ad9e5d1cbb22654e31mv2.webp,Category: Flour &amp; Gari
3800,Numa &#8211; Karo &#8211; 2kg,numa-karo-2kg,SVA-1685722539744,8.59,GBP,FALSE,TRUE,https://fremu.co.uk/product/numa-karo-2kg/,https://fremu.co.uk/wp-content/uploads/2023/10/26d0a0668a3d42e26dfd09af5d88ef5a.png,Category: Flour &amp; Gari
3798,Numa &#8211; Bushera,numa-bushera,SVA-1685722447936,8.59,GBP,FALSE,FALSE,https://fremu.co.uk/product/numa-bushera/,https://fremu.co.uk/wp-content/uploads/2023/10/NumaBusheraPureMilletFlour1kg.webp,Category: Flour &amp; Gari
3774,IWISA &#8211; Super maize meal -5kg,iwisa-super-maize-meal,SVA-1685720080120,8.99,GBP,FALSE,FALSE,https://fremu.co.uk/product/iwisa-super-maize-meal/,https://fremu.co.uk/wp-content/uploads/2023/10/IWISA-Super-maize-meal-5kg-1.png,Category: Flour &amp; Gari
3978,Nigerian taste &#8211; Poundo iyan &#8211; 1.5kg,nigerian-taste-poundo-iyan-1-5kg,SVA-1689003501942,6.29,GBP,FALSE,FALSE,https://fremu.co.uk/product/nigerian-taste-poundo-iyan-1-5kg/,https://fremu.co.uk/wp-content/uploads/2023/10/nigeria-taste-poundo-iyan-pounded-yam-1.5kg-1248-p-1.png,Category: Flour &amp; Gari
3977,Nigeria taste Wheat Flour &#8211; 1kg,nigeria-taste-wheat-flour-1kg,SVA-1689002795384,3.89,GBP,FALSE,FALSE,https://fremu.co.uk/product/nigeria-taste-wheat-flour-1kg/,https://fremu.co.uk/wp-content/uploads/2023/10/jumbo-midlands-uk-birmingham-african-food-nigeria-taste-flour-and-others-NTWF001.png,Category: Flour &amp; Gari
3887,Golden Penny Semovita-2KG,golden-penny-semovita-2kg,SVA-1686158672426,5.99,GBP,FALSE,TRUE,https://fremu.co.uk/product/golden-penny-semovita-2kg/,https://fremu.co.uk/wp-content/uploads/2023/10/Golden-Penny-Semovita-2KG-1.png,Category: Flour &amp; Gari
3750,Iwisa &#8211; Instant Maize Porridge &#8211; 1kg,iwisa-instant-maize-porridge-1kg,SVA-1685717562876,3.99,GBP,FALSE,TRUE,https://fremu.co.uk/product/iwisa-instant-maize-porridge-1kg/,https://fremu.co.uk/wp-content/uploads/2023/10/Iwisa-Instant-Porridge-Original-1kg-1.png,Category: Flour &amp; Gari
3982,Golden Penny Semovita- 5Kg,golden-penny-semovita-5kg,SVA-1689179764408,13.99,GBP,FALSE,FALSE,https://fremu.co.uk/product/golden-penny-semovita-5kg/,https://fremu.co.uk/wp-content/uploads/2023/10/Golden-Penny-Semovita-5kg-1.png,Category: Flour &amp; Gari
3906,Mamas pride &#8211; Corn dough &#8211; 2kg,mamas-pride-corn-dough-2kg,SVA-1686327589650,3.99,GBP,FALSE,TRUE,https://fremu.co.uk/product/mamas-pride-corn-dough-2kg/,https://fremu.co.uk/wp-content/uploads/2023/10/mamas-pride-corn-dough-1kg-9003766-1600.png,Category: Flour &amp; Gari
3976,Ghana taste &#8211; kokonte &#8211; 1kg,ghana-taste-kokonte-1kg,SVA-1689002616707,3.89,GBP,FALSE,FALSE,https://fremu.co.uk/product/ghana-taste-kokonte-1kg/,https://fremu.co.uk/wp-content/uploads/2023/10/Ghana-taste-kokonte-1kg-1.png,Category: Flour &amp; Gari
3929,Mamas pride &#8211; banku mix dough &#8211; efie eduane &#8211; 1kg,mamas-pride-banku-mix-dough-efie-eduane-1kg,SVA-1686336199562,2.99,GBP,FALSE,FALSE,https://fremu.co.uk/product/mamas-pride-banku-mix-dough-efie-eduane-1kg/,https://fremu.co.uk/wp-content/uploads/2023/10/Banku-Mix-Dough.png,Category: Flour &amp; Gari
3902,Mama Pride Cassava flour,mama-pride-cassava-flour,SVA-1686326194981,3.99,GBP,FALSE,TRUE,https://fremu.co.uk/product/mama-pride-cassava-flour/,https://fremu.co.uk/wp-content/uploads/2023/10/13785.png,Category: Flour &amp; Gari
3766,Nestle &#8211; Honey Cerelac &#8211; 1kg,nestle-cerelac-1kg,SVA-1685719322723,10.89,GBP,FALSE,TRUE,https://fremu.co.uk/product/nestle-cerelac-1kg/,https://fremu.co.uk/wp-content/uploads/2023/10/CERELAC-HONEY-12M-1KG-1.png,Category: Cupboard Food
3762,Mama Pride &#8211; Pounded Yam &#8211; 1.5kg,mama-pride-pounded-yam-1-5kg,SVA-1685718358840,6.29,GBP,FALSE,TRUE,https://fremu.co.uk/product/mama-pride-pounded-yam-1-5kg/,https://fremu.co.uk/wp-content/uploads/2023/10/3473_4.png,Category: Flour &amp; Gari
3759,Mama Pride &#8211; Pounded Yam &#8211; 4kg,mama-pride-pounded-yam-4kg,SVA-1685718198174,14.99,GBP,FALSE,TRUE,https://fremu.co.uk/product/mama-pride-pounded-yam-4kg/,https://fremu.co.uk/wp-content/uploads/2023/10/pnded.png,Category: Flour &amp; Gari
3770,Nestle &#8211; Nido &#8211; 2.5kg,nestle-nido-2-5kg,SVA-1685719708954,26.89,GBP,FALSE,TRUE,https://fremu.co.uk/product/nestle-nido-2-5kg/,https://fremu.co.uk/wp-content/uploads/2023/10/NIDO-MILK-2.5KG-1.png,Category: Cupboard Food
3957,Mama pride &#8211; plantain fufu &#8216;Efie Eduane&#8217; &#8211; 680g,mama-pride-plantain-fufu-efie-eduane-680g,SVA-1688135711365,3.99,GBP,FALSE,TRUE,https://fremu.co.uk/product/mama-pride-plantain-fufu-efie-eduane-680g/,https://fremu.co.uk/wp-content/uploads/2023/10/3485_4-1.png,Category: Flour &amp; Gari
3748,Nestle &#8211; Nido &#8211; 400g,nestle-nido-400g-2,SVA-1685717386483,6.29,GBP,FALSE,TRUE,https://fremu.co.uk/product/nestle-nido-400g-2/,https://fremu.co.uk/wp-content/uploads/2023/10/NIDO-MILK-400g-1.png,Category: Cupboard Food
3794,Mama pride &#8211; Plantain fufu &#8211; 4kg,mama-pride-plantain-fufu-4kg,SVA-1685721849447,16.99,GBP,FALSE,TRUE,https://fremu.co.uk/product/mama-pride-plantain-fufu-4kg/,https://fremu.co.uk/wp-content/uploads/2023/10/71VYiyrKXmL._AC_UL600_SR600600_.png,Category: Flour &amp; Gari
3765,Nestle &#8211; Nido &#8211; 900g,nestle-nido-900g-2,SVA-1685719203750,11.99,GBP,FALSE,TRUE,https://fremu.co.uk/product/nestle-nido-900g-2/,https://fremu.co.uk/wp-content/uploads/2023/10/Nido-Milk-Nestle-900g-1.png,Category: Cupboard Food
3958,Mama pride &#8211; cocoyam fufu instant mix &#8216; Efie Eduane&#8217;  &#8211; 680g,mama-pride-cocoyam-fufu-instant-mix-efie-eduane-680g,SVA-1688135972630,3.99,GBP,FALSE,TRUE,https://fremu.co.uk/product/mama-pride-cocoyam-fufu-instant-mix-efie-eduane-680g/,https://fremu.co.uk/wp-content/uploads/2023/10/3486_4.png,Category: Flour &amp; Gari
3918,Nestle carnation &#8211; 410g,nestle-carnation-410g,SVA-1686332291809,1.99,GBP,FALSE,TRUE,https://fremu.co.uk/product/nestle-carnation-410g/,https://fremu.co.uk/wp-content/uploads/2023/10/Carnation-Evaporated-Milk-410g-1.png,Category: Cupboard Food
3974,Nestle Cerelac &#8211; Honey &#038; wheat &#8211; 400g,nestle-cerelac-honey-wheat-400g-2,SVA-1688999235645,3.99,GBP,FALSE,TRUE,https://fremu.co.uk/product/nestle-cerelac-honey-wheat-400g-2/,https://fremu.co.uk/wp-content/uploads/2023/10/Nestle-Cerelac-Honey-wheat-400g-1.png,Category: Cupboard Food
3975,Nestle cerelac &#8211; Mixed fruit &#038; Wheat &#8211; 400g,nestle-cerelac-mixed-fruit-wheat-400g,SVA-1688999471261,3.99,GBP,FALSE,TRUE,https://fremu.co.uk/product/nestle-cerelac-mixed-fruit-wheat-400g/,https://fremu.co.uk/wp-content/uploads/2023/10/Nestle-cerelac-Mixed-fruit-Wheat-400g-1.png,Category: Cupboard Food
3925,Nestle golden morn &#8211; maize &#038; soya protein &#8211; 400g,nestle-golden-morn-maize-soya-protein-400g,SVA-1686334470311,3.99,GBP,FALSE,TRUE,https://fremu.co.uk/product/nestle-golden-morn-maize-soya-protein-400g/,https://fremu.co.uk/wp-content/uploads/2023/10/Nestle-golden-morn-maize-soya-protein-400g-1.png,Category: Cupboard Food
3777,Iwisa &#8211; super maize meal &#8211; 2kg,iwisa-super-maize-meal-2kg,SVA-1685720377693,3.99,GBP,FALSE,TRUE,https://fremu.co.uk/product/iwisa-super-maize-meal-2kg/,https://fremu.co.uk/wp-content/uploads/2023/10/IX2A2090.png,Category: Flour &amp; Gari
3782,Ijebu Gari &#8211; 5kg,ijebu-gari-5kg,SVA-1685720834528,8.29,GBP,FALSE,TRUE,https://fremu.co.uk/product/ijebu-gari-5kg/,https://fremu.co.uk/wp-content/uploads/2023/10/4289562E-B597-4D62-9D81-F6BD9AB1972E.png,Category: Flour &amp; Gari
3775,Iwisa &#8211; Super maize meal &#8211; 10kg,iwisa-super-maize-meal-10kg,SVA-1685720185291,14.99,GBP,FALSE,TRUE,https://fremu.co.uk/product/iwisa-super-maize-meal-10kg/,https://fremu.co.uk/wp-content/uploads/2023/10/IWISA-1.png,Category: Flour &amp; Gari
3805,Elephant ATTA &#8211; Medium chapatti flour &#8211; 5kg,elephant-atta-medium-chapatti-flour-5kg,SVA-1685722915248,7.29,GBP,FALSE,FALSE,https://fremu.co.uk/product/elephant-atta-medium-chapatti-flour-5kg/,https://fremu.co.uk/wp-content/uploads/2023/10/ElephantAttaMedium5kg-scaled.webp,Category: Flour &amp; Gari
3979,Ayoola &#8211; pounded yam &#8211; 4Kg,ayoola-pounded-yam-4kg,SVA-1689007413621,16.99,GBP,FALSE,TRUE,https://fremu.co.uk/product/ayoola-pounded-yam-4kg/,https://fremu.co.uk/wp-content/uploads/2023/10/pounded-yam-1.png,Category: Flour &amp; Gari
3809,AFP &#8211; FUFU Flakes-5kg,afp-fufu-flakes-5kg,SVA-1685723241648,25.99,GBP,FALSE,FALSE,https://fremu.co.uk/product/afp-fufu-flakes-5kg/,https://fremu.co.uk/wp-content/uploads/2023/10/DSC00092.png,Category: Flour &amp; Gari
3661,Tropical Sun Aromatic -90g,tropical-sun-aromat-200g,SVA-1685545516779,1.99,GBP,FALSE,TRUE,https://fremu.co.uk/product/tropical-sun-aromat-200g/,https://fremu.co.uk/wp-content/uploads/2023/10/Tropical-Sun-Aromatic-90g-1.png,Category: Spices &amp; Seasonings
3881,Ades Ground Egusi-100g,ades-ground-egusi-100g,SVA-1686154042040,1.99,GBP,FALSE,FALSE,https://fremu.co.uk/product/ades-ground-egusi-100g/,https://fremu.co.uk/wp-content/uploads/2023/10/ground_egusi_027_100g_1_1-1.png,Category: Flour &amp; Gari
3741,Mama Pride &#8211; whole Bird&#8217;s Eye Chilli Pepper &#8211; 80g,mama-pride-whole-birds-eye-chilli-pepper-80g,SVA-1685716685647,1.99,GBP,FALSE,FALSE,https://fremu.co.uk/product/mama-pride-whole-birds-eye-chilli-pepper-80g/,https://fremu.co.uk/wp-content/uploads/2023/10/Mama-Pride-whole-Birds-Eye-Chilli-Pepper-80g-1.png,Category: Spices &amp; Seasonings
3917,Unifresh &#8211; palm soup concentrate sauce graine &#8211; 800g,unifresh-palm-soup-concentrate-sauce-graine-800g,SVA-1686331476659,4.59,GBP,FALSE,TRUE,https://fremu.co.uk/product/unifresh-palm-soup-concentrate-sauce-graine-800g/,https://fremu.co.uk/wp-content/uploads/2023/10/unifresh-palm-soup-crema-di-frutti-di-palma-12x400g.png,Category: Cupboard Food
3738,Stockfish Trimmings &#8211; 80g,mama-pride-stockfish-trimmings-80g,SVA-1685716351991,3.99,GBP,FALSE,TRUE,https://fremu.co.uk/product/mama-pride-stockfish-trimmings-80g/,https://fremu.co.uk/wp-content/uploads/2023/10/Stockfish-Trimmings-80g-1.png,Category: Spices &amp; Seasonings
3653,TVS Sunflower oil-2 ltrs,tvs-sunflower-oil-2-ltrs,SVA-1685543524057,7.99,GBP,FALSE,TRUE,https://fremu.co.uk/product/tvs-sunflower-oil-2-ltrs/,https://fremu.co.uk/wp-content/uploads/2023/10/tvs-sunflower-oil-2l.webp,Category: Cupboard Food
3876,Nestle Milo &#8211; 1.5kg,nestle-milo-1-5kg-2,SVA-1686073947294,13.99,GBP,FALSE,FALSE,https://fremu.co.uk/product/nestle-milo-1-5kg-2/,https://fremu.co.uk/wp-content/uploads/2023/10/Milo-Nestle-1.5kg-1.png,Category: Cupboard Food
3652,TVS Sunflower oil -5liters,tvs-sunflower-oil-5liters,SVA-1685543428918,13.89,GBP,FALSE,TRUE,https://fremu.co.uk/product/tvs-sunflower-oil-5liters/,https://fremu.co.uk/wp-content/uploads/2023/10/KTC-SUNFLOWER-OIL-3X5L.png,Category: Cupboard Food
3799,TRS &#8211; Red kidney beans &#8211; 2kg,trs-red-kidney-beans-2kg,SVA-1685722489395,6.89,GBP,FALSE,FALSE,https://fremu.co.uk/product/trs-red-kidney-beans-2kg/,https://fremu.co.uk/wp-content/uploads/2023/10/5017689001193.png,Category: Cupboard Food
3793,TRS &#8211; Rosecoco beans,trs-rosecoco-beans,SVA-1685721785542,7.89,GBP,FALSE,FALSE,https://fremu.co.uk/product/trs-rosecoco-beans/,https://fremu.co.uk/wp-content/uploads/2023/10/3efa37b899163ade167c2cfab89e63e6.webp,Category: Cupboard Food
4000,Tropicway Zomi Palm oil &#8211; 500ml,tropicway-zomi-palm-oil-500ml,SVA-1690836363428,2.99,GBP,FALSE,TRUE,https://fremu.co.uk/product/tropicway-zomi-palm-oil-500ml/,https://fremu.co.uk/wp-content/uploads/2023/10/2879d399cca8e1700be1b842c59abb76.png,Category: Cupboard Food
3928,Nestle milo &#8211; 400g,nestle-milo-400g-2,SVA-1686335819165,6.29,GBP,FALSE,TRUE,https://fremu.co.uk/product/nestle-milo-400g-2/,https://fremu.co.uk/wp-content/uploads/2023/10/Nestle-milo-400g-1.png,Category: Cupboard Food
3889,Nigeria Taste Palm Oil-4Ltr,nigeria-taste-palm-oil-4ltr,SVA-1686164210264,14.89,GBP,FALSE,FALSE,https://fremu.co.uk/product/nigeria-taste-palm-oil-4ltr/,https://fremu.co.uk/wp-content/uploads/2023/10/Nigeria-Taste-Palm-Oil-Jumbo-4L-1.png,Category: Cupboard Food
3659,Tropicway Pure Red Palm Oil -500ml,tropicway-pure-red-palm-oil-500ml,SVA-1685545016721,2.99,GBP,FALSE,TRUE,https://fremu.co.uk/product/tropicway-pure-red-palm-oil-500ml/,https://fremu.co.uk/wp-content/uploads/2023/10/89a9ba5f-3233-40cc-8e94-67b6a262d93f.png,Category: Cupboard Food
3914,Tropicway &#8211; premium peanut butter &#8211; 1kg,tropicway-premium-peanut-butter-1kg,SVA-1686329989219,3.99,GBP,FALSE,TRUE,https://fremu.co.uk/product/tropicway-premium-peanut-butter-1kg/,https://fremu.co.uk/wp-content/uploads/2023/10/TROPICWAY-PEANUT-BUTTER-2-1.png,Category: Cupboard Food
3673,Tropicalway Premium Peanut Butter- 500g,tropicalway-premium-peanut-butter-500g,SVA-1685547531870,3.99,GBP,FALSE,TRUE,https://fremu.co.uk/product/tropicalway-premium-peanut-butter-500g/,https://fremu.co.uk/wp-content/uploads/2023/10/TROPICWAY-PEANUT-BUTTER-2-1.png,Category: Cupboard Food
3832,Tropical sun &#8211; Tulsi &#8211; 30g,tropical-sun-tulsi-30g,SVA-1685728067187,1.69,GBP,FALSE,TRUE,https://fremu.co.uk/product/tropical-sun-tulsi-30g/,https://fremu.co.uk/wp-content/uploads/2023/10/Tropical-Sun-Tulsi-Tea-1.png,Category: Cupboard Food
3683,Tropical Sun Corned Mutton-340g,tropical-sun-corned-mutton-340g,SVA-1685549188039,4,GBP,FALSE,FALSE,https://fremu.co.uk/product/tropical-sun-corned-mutton-340g/,https://fremu.co.uk/wp-content/uploads/2023/10/Conned-mutton.png,Category: Cupboard Food
3833,Tropical sun &#8211; cerassie,tropical-sun-cerassie,SVA-1685728110318,1.69,GBP,FALSE,TRUE,https://fremu.co.uk/product/tropical-sun-cerassie/,https://fremu.co.uk/wp-content/uploads/2023/10/Cerassie-Tea-1.png,Category: Cupboard Food
3807,Sweet honey beans &#8211; 5kg,sweet-honey-beans-5kg,SVA-1685723141309,14.99,GBP,FALSE,FALSE,https://fremu.co.uk/product/sweet-honey-beans-5kg/,https://fremu.co.uk/wp-content/uploads/2023/10/45_3deb0dba-452a-408d-990c-499ff19fa0dd_750x810.webp,Category: Cupboard Food
3699,Sweetened Condensed Milk-397g,sweetened-condensed-milk-397g,SVA-1685556043238,1.99,GBP,FALSE,TRUE,https://fremu.co.uk/product/sweetened-condensed-milk-397g/,https://fremu.co.uk/wp-content/uploads/2023/10/babfd223-c984-452a-8348-59044d73634e.png,Category: Cupboard Food
3742,Peppersoup Spice &#8211; 70g,mama-pride-peppersoup-spice-70g,SVA-1685716758062,1.99,GBP,FALSE,TRUE,https://fremu.co.uk/product/mama-pride-peppersoup-spice-70g/,https://fremu.co.uk/wp-content/uploads/2023/10/Peppersoup-Spice-70g-1.png,Category: Spices &amp; Seasonings
3647,Saxa salt fine,saxa-salt-fine,SVA-1685541255139,1.79,GBP,FALSE,TRUE,https://fremu.co.uk/product/saxa-salt-fine/,https://fremu.co.uk/wp-content/uploads/2023/10/Screenshot-2023-10-08-025237-1.png,Category: Cupboard Food
3804,Mama pride &#8211; Nigerian brown beans &#8211; 4kg,mama-pride-nigerian-brown-beans-4kg,SVA-1685722815761,14.89,GBP,FALSE,FALSE,https://fremu.co.uk/product/mama-pride-nigerian-brown-beans-4kg/,https://fremu.co.uk/wp-content/uploads/2023/10/Nigerian-brown-beans-1.png,Category: Cupboard Food
3749,Peak &#8211; Instant whole Milk Powder &#8211; 400g,peak-instant-whole-milk-powder-400g-2,SVA-1685717451873,6.29,GBP,FALSE,TRUE,https://fremu.co.uk/product/peak-instant-whole-milk-powder-400g-2/,https://fremu.co.uk/wp-content/uploads/2023/10/peak-tin-900g.png,Category: Cupboard Food
3941,Peak-900g,peak-900g,SVA-1686839689366,11.89,GBP,FALSE,TRUE,https://fremu.co.uk/product/peak-900g/,https://fremu.co.uk/wp-content/uploads/2023/10/peak-tin-900g.png,Category: Cupboard Food
3764,Peak &#8211; Instant Whole Milk Powder &#8211; 2500g,peak-instant-whole-milk-powder-2500g,SVA-1685719163585,27.59,GBP,FALSE,TRUE,https://fremu.co.uk/product/peak-instant-whole-milk-powder-2500g/,https://fremu.co.uk/wp-content/uploads/2023/10/peak-tin-900g.png,Category: Cupboard Food
3735,Stockfish Fillets-80g,mama-pride-stockfish-fillets-80g,SVA-1685708108727,3.99,GBP,FALSE,TRUE,https://fremu.co.uk/product/mama-pride-stockfish-fillets-80g/,https://fremu.co.uk/wp-content/uploads/2023/10/Stockfish-Fillets-80g-1.png,Category: Cupboard Food
3686,Panda brand oyster sauce -510g,panda-brand-oyster-sauce-510g,SVA-1685549509074,2.89,GBP,FALSE,FALSE,https://fremu.co.uk/product/panda-brand-oyster-sauce-510g/,https://fremu.co.uk/wp-content/uploads/2023/10/panda_oystersauce_600x600_crop_center.webp,Category: Cupboard Food
4019,Palm nut soup-800g,palm-nut-soup-800g,SVA-1691003352882,4.59,GBP,FALSE,TRUE,https://fremu.co.uk/product/palm-nut-soup-800g/,https://fremu.co.uk/wp-content/uploads/2023/10/IMG_0411.png,Category: Cupboard Food
3915,Mamas pride &#8211; premium natural peanut butter &#8211; 1kg,mamas-pride-premium-natural-peanut-butter-1kg,SVA-1686330062341,3.99,GBP,FALSE,TRUE,https://fremu.co.uk/product/mamas-pride-premium-natural-peanut-butter-1kg/,https://fremu.co.uk/wp-content/uploads/2023/10/Mamas-pride-premium-natural-peanut-butter-1kg-1.png,Category: Cupboard Food
3695,Nkulenu&#8217;s Palm Soup Base-780g,nkulenus-palm-soup-base-780g-2,SVA-1685555273628,4.59,GBP,FALSE,TRUE,https://fremu.co.uk/product/nkulenus-palm-soup-base-780g-2/,https://fremu.co.uk/wp-content/uploads/2023/10/2a-1.png,Category: Cupboard Food
3907,Mamas pride nigerian pure red &#8211; palm oil &#8211; 2litre,mamas-pride-nigerian-pure-red-palm-oil-2litre,SVA-1686328049007,7.99,GBP,FALSE,TRUE,https://fremu.co.uk/product/mamas-pride-nigerian-pure-red-palm-oil-2litre/,https://fremu.co.uk/wp-content/uploads/2023/10/Mamas-pride-nigerian-pure-red-palm-oil-2litre-1.png,Category: Cupboard Food
3810,Mutaso&#8217;s &#8211; Cultured Milk &#8211; 1kg,mutasos-cultured-milk-1kg,SVA-1685723428278,4.5,GBP,FALSE,FALSE,https://fremu.co.uk/product/mutasos-cultured-milk-1kg/,https://fremu.co.uk/wp-content/uploads/2023/10/Screenshot-2023-10-08-030251-1.png,Category: Cupboard Food
3980,Mother africa Dried anchovies &#8211; 100g,mother-africa-dried-anchovies-100g-2,SVA-1689009523335,3.99,GBP,FALSE,TRUE,https://fremu.co.uk/product/mother-africa-dried-anchovies-100g-2/,https://fremu.co.uk/wp-content/uploads/2023/10/51SyZe8Lx0L._SR600315_PIWhiteStripBottomLeft035_SCLZZZZZZZ_FMpng_BG255255255-1.png,Category: Cupboard Food
3951,Precious Ground nuts &#8211; 500g,precious-ground-nuts-500g,SVA-1687703199898,4.99,GBP,FALSE,TRUE,https://fremu.co.uk/product/precious-ground-nuts-500g/,https://fremu.co.uk/wp-content/uploads/2023/10/Screenshot-2023-10-08-030627-1.png,Category: Vegetables &amp; Fresh Food
3904,Lion head &#8211; easy cook rice &#8211; 2kg,lion-head-easy-cook-rice-2kg,SVA-1686327107556,3.99,GBP,FALSE,TRUE,https://fremu.co.uk/product/lion-head-easy-cook-rice-2kg/,https://fremu.co.uk/wp-content/uploads/2023/10/Lion-Head-Easy-Cook-Rice-1.png,Category : Rice
4464,Red Peppers,red-peppers,,1,GBP,FALSE,TRUE,https://fremu.co.uk/product/red-peppers/,https://fremu.co.uk/wp-content/uploads/2023/10/Red-peppers.png,Category: Vegetables &amp; Fresh Food
4463,Green Peppers,green-peppers,,1,GBP,FALSE,TRUE,https://fremu.co.uk/product/green-peppers/,https://fremu.co.uk/wp-content/uploads/2023/10/Green-peppers.png,Category: Vegetables &amp; Fresh Food
4429,Brown  Onions &#8211; 1kg,yellow-onions-1kg,SVA-1686481273128-1,1.5,GBP,FALSE,TRUE,https://fremu.co.uk/product/yellow-onions-1kg/,https://fremu.co.uk/wp-content/uploads/2023/10/Yellow-onions.png,Category: Vegetables &amp; Fresh Food
3642,Green plantain &#8211; 1kg,green-plantain,SVA-1687516374132,2.99,GBP,FALSE,FALSE,https://fremu.co.uk/product/green-plantain/,https://fremu.co.uk/wp-content/uploads/2023/10/Unripe-plantain.png,Category: Vegetables &amp; Fresh Food
3639,Garlic &#8211; 1kg,garlic,SVA-1686481368709,4.99,GBP,FALSE,TRUE,https://fremu.co.uk/product/garlic/,https://fremu.co.uk/wp-content/uploads/2023/10/garlic-WEaPB83-600.jpg,Category: Vegetables &amp; Fresh Food
3638,Long hot pepper &#8211; 1kg,long-hot-pepper,SVA-1686481322567,5.99,GBP,FALSE,TRUE,https://fremu.co.uk/product/long-hot-pepper/,https://fremu.co.uk/wp-content/uploads/2023/10/Long-peppers.png,Category: Vegetables &amp; Fresh Food
3637,Red Onions &#8211; 1kg,onions,SVA-1686481273128,1.5,GBP,FALSE,TRUE,https://fremu.co.uk/product/onions/,https://fremu.co.uk/wp-content/uploads/2023/10/Red-onions.png,Category: Vegetables &amp; Fresh Food
3636,Okra &#8211; 1kg,okra-1kg,SVA-1686477357614,6.99,GBP,FALSE,TRUE,https://fremu.co.uk/product/okra-1kg/,https://fremu.co.uk/wp-content/uploads/2023/10/Okra.png,Category: Vegetables &amp; Fresh Food
3635,Cassava &#8211; 1kg,cassava-2,SVA-1686477309454,2.99,GBP,FALSE,FALSE,https://fremu.co.uk/product/cassava-2/,https://fremu.co.uk/wp-content/uploads/2023/10/cassava2.png,Category: Vegetables &amp; Fresh Food
3634,Scotch Bonnet (Hot Pepper) &#8211; 50g,hot-pepper,SVA-1686477249699,1,GBP,FALSE,TRUE,https://fremu.co.uk/product/hot-pepper/,https://fremu.co.uk/wp-content/uploads/2023/10/Red-chillies.png,Category: Vegetables &amp; Fresh Food
3633,Yam &#8211; 1kg,yam,SVA-1686477197805,2.99,GBP,FALSE,TRUE,https://fremu.co.uk/product/yam/,https://fremu.co.uk/wp-content/uploads/2023/10/yam.png,Category: Vegetables &amp; Fresh Food
3632,Yellow plantain &#8211; 1kg,yellow-plantain,SVA-1686315497969,2.99,GBP,FALSE,TRUE,https://fremu.co.uk/product/yellow-plantain/,https://fremu.co.uk/wp-content/uploads/2023/10/Ripe-plantain-.png,Category: Vegetables &amp; Fresh Food
3631,Tomatoes &#8211; 1kg,tomatoes,SVA-1686223307527,2.99,GBP,FALSE,TRUE,https://fremu.co.uk/product/tomatoes/,https://fremu.co.uk/wp-content/uploads/2023/10/Tomatoes.png,Category: Vegetables &amp; Fresh Food
255,Fresh Ginger &#8211; 1Kgs,fresh-ginger-10kgs,,5.99,GBP,FALSE,TRUE,https://fremu.co.uk/product/fresh-ginger-10kgs/,https://fremu.co.uk/wp-content/uploads/2021/05/Ginger.png,Category: Vegetables &amp; Fresh Food
251,Sweet Potato &#8211; 1Kg,sweet-potato-1kgs,,3.05,GBP,FALSE,FALSE,https://fremu.co.uk/product/sweet-potato-1kgs/,https://fremu.co.uk/wp-content/uploads/2021/05/Sweet-Potato-1.png,Category: Vegetables &amp; Fresh Food
249,Colocasia yam &#8211; 1Kg,colocasia-yam-5kgs,,3.5,GBP,FALSE,FALSE,https://fremu.co.uk/product/colocasia-yam-5kgs/,https://fremu.co.uk/wp-content/uploads/2021/03/cocoyam.png,Category: Vegetables &amp; Fresh Food
244,Avocado &#8211; 1Kg,avocado-5kgs,,3.7,GBP,FALSE,FALSE,https://fremu.co.uk/product/avocado-5kgs/,https://fremu.co.uk/wp-content/uploads/2021/05/Avocado-1.png,Category: Vegetables &amp; Fresh Food
241,Arrowroot &#8211; 1Kg,arrowroot-1kgs,,3.05,GBP,FALSE,FALSE,https://fremu.co.uk/product/arrowroot-1kgs/,https://fremu.co.uk/wp-content/uploads/2021/05/Arrowroot.jpg,Category: Vegetables &amp; Fresh Food
239,Apple (Sweet) Banana &#8211; 1Kg,apple-sweet-banana-1kgs,,3.7,GBP,FALSE,FALSE,https://fremu.co.uk/product/apple-sweet-banana-1kgs/,https://fremu.co.uk/wp-content/uploads/2021/05/Apple-Sweet-Banana-1.png,Category: Vegetables &amp; Fresh Food
233,Turmeric &#8211; 1kg,turmeric-5kgs,,4.99,GBP,FALSE,FALSE,https://fremu.co.uk/product/turmeric-5kgs/,https://fremu.co.uk/wp-content/uploads/2021/05/Tumeric-1.png,Category: Vegetables &amp; Fresh Food
220,Matoke &#8211; 1kg,matoke-1kg,,3,GBP,FALSE,FALSE,https://fremu.co.uk/product/matoke-1kg/,https://fremu.co.uk/wp-content/uploads/2021/04/Matoke-1.png,Category: Vegetables &amp; Fresh Food
121,Fried Corn &#8211; 250g,fried-corn-250g,,3.99,GBP,FALSE,TRUE,https://fremu.co.uk/product/fried-corn-250g/,https://fremu.co.uk/wp-content/uploads/2021/03/admin-ajax-19-1.png,Snacks &amp; Breads